<sps:ConfirmResponse xsi:schemaLocation="http://www.opengis.net/sps/2.0 http://schemas.opengis.net/sps/2.0/sps.xsd" xmlns:sps="http://www.opengis.net/sps/2.0" xmlns:xsi="http://www.w3.org/2001/XMLSchema-instance">
  <sps:result>
    <sps:StatusReport>
      <sps:task>http://www.ogc.org/procedure/camera/1/tasks/6</sps:task>
      <sps:procedure>http://www.ogc.org/procedure/camera/1</sps:procedure>
      <sps:requestStatus>Accepted</sps:requestStatus>
      <sps:updateTime>2010-08-20T11:23:08+02:00</sps:updateTime>
    </sps:StatusReport>
  </sps:result>
</sps:ConfirmResponse>
