<sps:GetTaskResponse xsi:schemaLocation="http://www.opengis.net/sps/2.0 http://schemas.opengis.net/sps/2.0/sps.xsd" xmlns:sps="http://www.opengis.net/sps/2.0" xmlns:swe="http://www.opengis.net/swe/2.0" xmlns:swes="http://www.opengis.net/swes/2.0" xmlns:xsi="http://www.w3.org/2001/XMLSchema-instance">
  <sps:task>
    <sps:Task>
      <swes:identifier>http://www.ogc.org/procedure/camera/1/tasks/6</swes:identifier>
      <sps:status>
        <sps:StatusReport>
          <sps:task>http://www.ogc.org/procedure/camera/1/tasks/6</sps:task>
          <sps:event>TaskSubmitted</sps:event>
          <sps:percentCompletion>0</sps:percentCompletion>
          <sps:procedure>http://www.ogc.org/procedure/camera/1</sps:procedure>
          <sps:requestStatus>Accepted</sps:requestStatus>
          <sps:taskStatus>InExecution</sps:taskStatus>
          <sps:updateTime>2010-08-20T11:12:04+02:00</sps:updateTime>
          <sps:taskingParameters>
            <sps:ParameterData>
              <sps:encoding>
                <swe:TextEncoding tokenSeparator="," blockSeparator="@@"/>
              </sps:encoding>
              <sps:values>2010-08-20T12:37:00+02:00,2010-08-20T14:30:00+02:00,Y,pointToLookAt,51.902112,8.192728,0,Y,3.5</sps:values>
            </sps:ParameterData>
          </sps:taskingParameters>
        </sps:StatusReport>
      </sps:status>
      <sps:status>
        <sps:StatusReport>
          <sps:task>http://www.ogc.org/procedure/camera/1/tasks/6</sps:task>
          <sps:event>DataPublished</sps:event>
          <sps:procedure>http://www.ogc.org/procedure/camera/1</sps:procedure>
          <sps:requestStatus>Accepted</sps:requestStatus>
          <sps:taskStatus>InExecution</sps:taskStatus>
          <sps:updateTime>2010-08-20T12:37:00.001+02:00</sps:updateTime>
        </sps:StatusReport>
      </sps:status>
      <sps:status>
        <sps:StatusReport>
          <sps:task>http://www.ogc.org/procedure/camera/1/tasks/6</sps:task>
          <sps:event>TaskUpdated</sps:event>
          <sps:procedure>http://www.ogc.org/procedure/camera/1</sps:procedure>
          <sps:requestStatus>Accepted</sps:requestStatus>
          <sps:taskStatus>InExecution</sps:taskStatus>
          <sps:updateTime>2010-08-20T12:40:50+02:00</sps:updateTime>
          <sps:taskingParameters>
            <sps:ParameterData>
              <sps:encoding>
                <swe:TextEncoding tokenSeparator="," blockSeparator="@@"/>
              </sps:encoding>
              <sps:values>Y,relativePositioning,Y,-10,N,N</sps:values>
            </sps:ParameterData>
          </sps:taskingParameters>
        </sps:StatusReport>
      </sps:status>
      <sps:status>
        <sps:StatusReport>
          <sps:task>http://www.ogc.org/procedure/camera/1/tasks/6</sps:task>
          <sps:event>TaskCompleted</sps:event>
          <sps:percentCompletion>100</sps:percentCompletion>
          <sps:procedure>http://www.ogc.org/procedure/camera/1</sps:procedure>
          <sps:requestStatus>Accepted</sps:requestStatus>
          <sps:taskStatus>Completed</sps:taskStatus>
          <sps:updateTime>2010-08-20T14:30:00+02:00</sps:updateTime>
        </sps:StatusReport>
      </sps:status>
    </sps:Task>
  </sps:task>
</sps:GetTaskResponse>
