[
    {
        "pk": 1, 
        "model": "core.resource", 
        "fields": {}
    }, 
    {
        "pk": 2, 
        "model": "core.resource", 
        "fields": {}
    }, 
    {
        "pk": 3, 
        "model": "core.resource", 
        "fields": {}
    }, 
    {
        "pk": 4, 
        "model": "core.resource", 
        "fields": {}
    }, 
    {
        "pk": 5, 
        "model": "core.resource", 
        "fields": {}
    }, 
    {
        "pk": 6, 
        "model": "core.resource", 
        "fields": {}
    }, 
    {
        "pk": 7, 
        "model": "core.resource", 
        "fields": {}
    }, 
    {
        "pk": 8, 
        "model": "core.resource", 
        "fields": {}
    }, 
    {
        "pk": 9, 
        "model": "core.resource", 
        "fields": {}
    }, 
    {
        "pk": 11, 
        "model": "core.resource", 
        "fields": {}
    }, 
    {
        "pk": 12, 
        "model": "core.resource", 
        "fields": {}
    }, 
    {
        "pk": 1, 
        "model": "coverages.extentrecord", 
        "fields": {
            "maxx": 13.192035095766187, 
            "maxy": 46.245822906494141, 
            "minx": -3.7272686958312988, 
            "miny": 32.192390809766948, 
            "size_x": 539, 
            "size_y": 448, 
            "srid": 4326
        }
    }, 
    {
        "pk": 2, 
        "model": "coverages.extentrecord", 
        "fields": {
            "maxx": 28.283845718251541, 
            "maxy": 46.252025604248047, 
            "minx": 11.361065864562988, 
            "miny": 32.20144629641436, 
            "size_x": 539, 
            "size_y": 448, 
            "srid": 4326
        }
    }, 
    {
        "pk": 3, 
        "model": "coverages.extentrecord", 
        "fields": {
            "maxx": 25.407486727461219, 
            "maxy": 46.249103546142578, 
            "minx": 8.4877557754516602, 
            "miny": 32.195316643454134, 
            "size_x": 539, 
            "size_y": 448, 
            "srid": 4326
        }
    }, 
    {
        "pk": 4, 
        "model": "coverages.extentrecord", 
        "fields": {
            "maxx": 28.294809999999998, 
            "maxy": 46.268644999999999, 
            "minx": 11.331754999999999, 
            "miny": 32.190249999999999, 
            "size_x": 541, 
            "size_y": 449, 
            "srid": 4326
        }
    }, 
    {
        "pk": 5, 
        "model": "coverages.extentrecord", 
        "fields": {
            "maxx": 13.213055000000001, 
            "maxy": 46.268644999999999, 
            "minx": -3.75, 
            "miny": 32.190249999999999, 
            "size_x": 541, 
            "size_y": 449, 
            "srid": 4326
        }
    }, 
    {
        "pk": 6, 
        "model": "coverages.extentrecord", 
        "fields": {
            "maxx": 25.410150000000002, 
            "maxy": 46.268644999999999, 
            "minx": 8.4784500000000005, 
            "miny": 32.190249999999999, 
            "size_x": 540, 
            "size_y": 449, 
            "srid": 4326
        }
    }, 
    {
        "pk": 7, 
        "model": "coverages.extentrecord", 
        "fields": {
            "maxx": 28.326165, 
            "maxy": 46.299999999999997, 
            "minx": -3.75, 
            "miny": 32.158895000000001, 
            "size_x": 1023, 
            "size_y": 451, 
            "srid": 4326
        }
    }, 
    {
        "pk": 11, 
        "model": "coverages.extentrecord", 
        "fields": {
            "maxx": 28.283845718251541, 
            "maxy": 46.252025604248047, 
            "minx": 11.361065864562988, 
            "miny": 32.20144629641436, 
            "size_x": 539, 
            "size_y": 448, 
            "srid": 4326
        }
    }, 
    {
        "pk": 12, 
        "model": "coverages.extentrecord", 
        "fields": {
            "maxx": 28.283845718251541, 
            "maxy": 46.252025604248047, 
            "minx": 11.361065864562988, 
            "miny": 32.20144629641436, 
            "size_x": 539, 
            "size_y": 448, 
            "srid": 4326
        }
    }, 
    {
        "pk": 1, 
        "model": "coverages.lineagerecord", 
        "fields": {}
    }, 
    {
        "pk": 2, 
        "model": "coverages.lineagerecord", 
        "fields": {}
    }, 
    {
        "pk": 3, 
        "model": "coverages.lineagerecord", 
        "fields": {}
    }, 
    {
        "pk": 4, 
        "model": "coverages.lineagerecord", 
        "fields": {}
    }, 
    {
        "pk": 5, 
        "model": "coverages.lineagerecord", 
        "fields": {}
    }, 
    {
        "pk": 6, 
        "model": "coverages.lineagerecord", 
        "fields": {}
    }, 
    {
        "pk": 7, 
        "model": "coverages.lineagerecord", 
        "fields": {}
    }, 
    {
        "pk": 11, 
        "model": "coverages.lineagerecord", 
        "fields": {}
    }, 
    {
        "pk": 12, 
        "model": "coverages.lineagerecord", 
        "fields": {}
    }, 
    {
        "pk": 1, 
        "model": "coverages.eometadatarecord", 
        "fields": {
            "footprint": "MULTIPOLYGON (((-4.0429690000000003 45.1757810000000006, -4.0429690000000003 32.0800780000000003, 33.1347659999999991 32.0800780000000003, 33.0468750000000000 45.0000000000000000, -4.0429690000000003 45.1757810000000006)))", 
            "timestamp_end": "2006-08-31 00:00:00Z", 
            "timestamp_begin": "2006-08-16 00:00:00Z", 
            "eo_gml": ""
        }
    }, 
    {
        "pk": 2, 
        "model": "coverages.eometadatarecord", 
        "fields": {
            "footprint": "MULTIPOLYGON (((-0.7697720000000000 46.2184450000000027, 0.2885470000000000 46.0829060000000013, 2.7334200000000002 45.7363629999999972, 4.8156569999999999 45.3994700000000009, 6.8947760000000002 45.0094819999999984, 8.1549139999999998 44.7501850000000019, 9.6342459999999992 44.4195240000000027, 11.0061820000000008 44.1060659999999984, 12.2788330000000006 43.7998090000000033, 12.8747340000000001 43.6403559999999970, 12.2287479999999995 42.2970240000000004, 11.4284250000000007 40.5405590000000018, 10.6609879999999997 38.7441839999999971, 9.9275389999999994 36.9630879999999991, 9.2395879999999995 35.1822599999999994, 8.7282869999999999 33.8078110000000009, 8.1744629999999994 32.2645410000000012, 7.3466579999999997 32.4744570000000010, 5.4890010000000000 32.9147210000000001, 3.5949130000000000 33.3292950000000019, 1.6795620000000000 33.7189490000000021, -0.2562130000000000 34.0828819999999979, -1.7440840000000000 34.3405720000000017, -3.4379810000000002 34.6029479999999978, -3.3121380000000000 35.2004999999999981, -2.9686140000000001 36.7570940000000022, -2.6820100000000000 38.0557960000000008, -2.3507590000000000 39.5173360000000002, -1.9420690000000000 41.3009210000000024, -1.5538600000000000 42.9462159999999997, -1.1669950000000000 44.5925110000000018, -0.7697720000000000 46.2184450000000027)))", 
            "timestamp_end": "2006-08-30 10:13:06Z", 
            "timestamp_begin": "2006-08-30 10:09:49Z", 
            "eo_gml": "<?xml version=\"1.0\" encoding=\"utf-8\"?>\n<?xml-stylesheet type=\"text/xsl\" href=\"schematron_result_for_eop.xsl\"?>\n<eop:EarthObservation xmlns:xsi=\"http://www.w3.org/2001/XMLSchema-instance\"\n    xsi:schemaLocation=\"http://www.opengis.net/opt/2.0 ../xsd/opt.xsd\"\n    xmlns:xlink=\"http://www.w3.org/1999/xlink\" xmlns:gml=\"http://www.opengis.net/gml/3.2\"\n    xmlns:eop=\"http://www.opengis.net/eop/2.0\"\n    xmlns:swe=\"http://www.opengis.net/swe/1.0\"\n    xmlns:om=\"http://www.opengis.net/om/2.0\"\n    gml:id=\"eop_MER_FRS_1PNPDE20060830_100949_000001972050_00423_23523_0079_uint16_reduced_compressed\">\n    <om:phenomenonTime>\n        <gml:TimePeriod gml:id=\"tp_MER_FRS_1PNPDE20060830_100949_000001972050_00423_23523_0079_uint16_reduced_compressed\">\n            <gml:beginPosition>2006-08-30T10:09:49Z</gml:beginPosition>\n            <gml:endPosition>2006-08-30T10:13:06Z</gml:endPosition>\n        </gml:TimePeriod>\n    </om:phenomenonTime>\n    <om:resultTime>\n        <!-- repeat of archiving date? -->\n        <gml:TimeInstant gml:id=\"archivingdate_MER_FRS_1PNPDE20060830_100949_000001972050_00423_23523_0079_uint16_reduced_compressed\">\n            <gml:timePosition>2006-08-30T13:08:46Z</gml:timePosition>\n        </gml:TimeInstant>\n    </om:resultTime>\n    <om:procedure>\n        <eop:EarthObservationEquipment gml:id=\"equ_MER_FRS_1PNPDE20060830_100949_000001972050_00423_23523_0079_uint16_reduced_compressed\">\n            <eop:platform>\n                <eop:Platform>\n                    <eop:shortName>ENVISAT</eop:shortName>\n                </eop:Platform>\n            </eop:platform>\n            <eop:instrument>\n                <eop:Instrument>\n                    <eop:shortName>MERIS</eop:shortName>\n                </eop:Instrument>\n            </eop:instrument>\n            <eop:sensor>\n                <eop:Sensor>\n                    <eop:sensorType>OPTICAL</eop:sensorType>\n                </eop:Sensor>\n            </eop:sensor>\n        </eop:EarthObservationEquipment>\n    </om:procedure>\n    <om:observedProperty xlink:href=\"#params1\"/>\n    <om:featureOfInterest>\n        <eop:Footprint gml:id=\"footprint_MER_FRS_1PNPDE20060830_100949_000001972050_00423_23523_0079_uint16_reduced_compressed\">\n            <eop:multiExtentOf>\n                <gml:MultiSurface gml:id=\"multisurface_MER_FRS_1PNPDE20060830_100949_000001972050_00423_23523_0079_uint16_reduced_compressed\" srsName=\"EPSG:4326\">\n                    <gml:surfaceMember>\n                        <gml:Polygon gml:id=\"polygon_MER_FRS_1PNPDE20060830_100949_000001972050_00423_23523_0079_uint16_reduced_compressed\">\n                            <gml:exterior>\n                                <gml:LinearRing>\n                                    <gml:posList>46.218445404185523 -0.76977182361738 46.082906444151412 0.288547363821689 45.736362636726184 2.733419759721718 45.39947037754385 4.815657039292408 45.009481751872841 6.894775798282314 44.75018471574041 8.154913571318612 44.419523953086873 9.634245839133294 44.106065841642724 11.006182471486037 43.799809353864482 12.278832827641576 43.64035642239579 12.874734457414554 42.297024153936299 12.228748112726354 40.540559047616689 11.428424700783859 38.744184017222707 10.660987879488511 36.963087985384199 9.927539260629768 35.182260410114758 9.239587579469651 33.807810710102451 8.728287480275119 32.264540577585258 8.174463354403226 32.474457463913588 7.346658308388547 32.914720908552496 5.48900097684443 33.32929471736243 3.594912710998026 33.718948965521164 1.679561673218221 34.082882201063725 -0.256213475006078 34.340572432492237 -1.744083689584682 34.602947959526702 -3.43798101398678 35.200500221283981 -3.312138031931722 36.757093701370252 -2.96861379128801 38.055795734748088 -2.682010254826003 39.51733579731436 -2.350758514252345 41.300920677569081 -1.942069312500661 42.946216061481564 -1.553859522839208 44.592511014222083 -1.166995203885614 46.218445404185523 -0.76977182361738</gml:posList>\n                                </gml:LinearRing>\n                            </gml:exterior>\n                        </gml:Polygon>\n                    </gml:surfaceMember>\n                </gml:MultiSurface>\n            </eop:multiExtentOf>\n        </eop:Footprint>\n    </om:featureOfInterest>\n    <om:result/>\n    <eop:metaDataProperty>\n        <eop:EarthObservationMetaData>\n            <eop:identifier>MER_FRS_1PNPDE20060830_100949_000001972050_00423_23523_0079_uint16_reduced_compressed</eop:identifier>\n            <eop:acquisitionType>NOMINAL</eop:acquisitionType>\n            <eop:productType>MER_FRS_1P</eop:productType>\n            <eop:status>ARCHIVED</eop:status>\n            <eop:downlinkedTo>\n                <eop:DownlinkInformation>\n                    <eop:acquisitionStation>PDHS-E</eop:acquisitionStation>\n                </eop:DownlinkInformation>\n            </eop:downlinkedTo>\n            <eop:processing>\n                <eop:ProcessingInformation>\n                    <eop:processingCenter>PDHS-E</eop:processingCenter>\n                </eop:ProcessingInformation>\n            </eop:processing>\n        </eop:EarthObservationMetaData>\n    </eop:metaDataProperty>\n</eop:EarthObservation>\n"
        }
    }, 
    {
        "pk": 3, 
        "model": "coverages.eometadatarecord", 
        "fields": {
            "footprint": "MULTIPOLYGON (((14.3225759999999998 46.2165579999999991, 14.8892209999999992 46.1520760000000010, 15.7141629999999992 46.0444749999999985, 16.9391959999999990 45.8743839999999992, 18.0411679999999990 45.7076369999999983, 19.6966210000000004 45.4376609999999985, 21.0619790000000009 45.1887079999999983, 22.1465299999999985 44.9855019999999968, 22.9728390000000005 44.8176010000000034, 24.2167940000000002 44.5487189999999984, 25.0784710000000004 44.3530259999999998, 25.6194540000000011 44.2224009999999979, 27.0966909999999999 43.8694530000000000, 27.9685910000000000 43.6486779999999968, 27.6089090000000006 42.9142760000000010, 26.9041539999999983 41.4067450000000008, 26.2311979999999991 39.8908869999999993, 25.7928099999999993 38.8574249999999992, 25.1593780000000002 37.3274550000000005, 24.6078229999999998 35.9169800000000023, 24.1268220000000007 34.6599560000000011, 23.6954770000000003 33.4858639999999994, 23.2644710000000003 32.2697459999999978, 21.9377199999999988 32.5973660000000010, 20.4903419999999983 32.9374150000000014, 18.7209849999999989 33.3295019999999980, 17.3072389999999992 33.6159940000000006, 16.1199690000000011 33.8512589999999989, 14.8370899999999999 34.0861590000000021, 13.6927079999999997 34.2867279999999965, 12.7023290000000006 34.4502090000000010, 11.6483439999999998 34.6125759999999971, 11.8189519999999995 35.4043020000000013, 12.0608920000000008 36.4964439999999968, 12.2736820000000009 37.4566149999999993, 12.4657520000000002 38.3387680000000017, 12.6584889999999994 39.1796190000000024, 12.8618860000000002 40.0854259999999982, 13.1257040000000007 41.2247539999999972, 13.2492979999999996 41.7731009999999969, 13.4420940000000009 42.5870299999999986, 13.6473110000000002 43.4503380000000021, 13.7491959999999995 43.8797420000000002, 13.9042440000000003 44.5159599999999998, 14.0761760000000002 45.2471540000000019, 14.2156199999999995 45.8125769999999974, 14.3225759999999998 46.2165579999999991)))", 
            "timestamp_end": "2006-08-16 09:12:46Z", 
            "timestamp_begin": "2006-08-16 09:09:29Z", 
            "eo_gml": "<?xml version=\"1.0\" encoding=\"utf-8\"?>\n<?xml-stylesheet type=\"text/xsl\" href=\"schematron_result_for_eop.xsl\"?>\n<eop:EarthObservation xmlns:xsi=\"http://www.w3.org/2001/XMLSchema-instance\"\n    xsi:schemaLocation=\"http://www.opengis.net/opt/2.0 ../xsd/opt.xsd\"\n    xmlns:xlink=\"http://www.w3.org/1999/xlink\" xmlns:gml=\"http://www.opengis.net/gml/3.2\"\n    xmlns:eop=\"http://www.opengis.net/eop/2.0\"\n    xmlns:swe=\"http://www.opengis.net/swe/1.0\"\n    xmlns:om=\"http://www.opengis.net/om/2.0\"\n    gml:id=\"eop_MER_FRS_1PNPDE20060816_090929_000001972050_00222_23322_0058_uint16_reduced_compressed\">\n    <om:phenomenonTime>\n        <gml:TimePeriod gml:id=\"tp_MER_FRS_1PNPDE20060816_090929_000001972050_00222_23322_0058_uint16_reduced_compressed\">\n            <gml:beginPosition>2006-08-16T09:09:29Z</gml:beginPosition>\n            <gml:endPosition>2006-08-16T09:12:46Z</gml:endPosition>\n        </gml:TimePeriod>\n    </om:phenomenonTime>\n    <om:resultTime>\n        <!-- repeat of archiving date? -->\n        <gml:TimeInstant gml:id=\"archivingdate_MER_FRS_1PNPDE20060816_090929_000001972050_00222_23322_0058_uint16_reduced_compressed\">\n            <gml:timePosition>2006-08-16T11:03:08Z</gml:timePosition>\n        </gml:TimeInstant>\n    </om:resultTime>\n    <om:procedure>\n        <eop:EarthObservationEquipment gml:id=\"equ_MER_FRS_1PNPDE20060816_090929_000001972050_00222_23322_0058_uint16_reduced_compressed\">\n            <eop:platform>\n                <eop:Platform>\n                    <eop:shortName>ENVISAT</eop:shortName>\n                </eop:Platform>\n            </eop:platform>\n            <eop:instrument>\n                <eop:Instrument>\n                    <eop:shortName>MERIS</eop:shortName>\n                </eop:Instrument>\n            </eop:instrument>\n            <eop:sensor>\n                <eop:Sensor>\n                    <eop:sensorType>OPTICAL</eop:sensorType>\n                </eop:Sensor>\n            </eop:sensor>\n        </eop:EarthObservationEquipment>\n    </om:procedure>\n    <om:observedProperty xlink:href=\"#params1\"/>\n    <om:featureOfInterest>\n        <eop:Footprint gml:id=\"footprint_MER_FRS_1PNPDE20060816_090929_000001972050_00222_23322_0058_uint16_reduced_compressed\">\n            <eop:multiExtentOf>\n                <gml:MultiSurface gml:id=\"multisurface_MER_FRS_1PNPDE20060816_090929_000001972050_00222_23322_0058_uint16_reduced_compressed\" srsName=\"EPSG:4326\">\n                    <gml:surfaceMember>\n                        <gml:Polygon gml:id=\"polygon_MER_FRS_1PNPDE20060816_090929_000001972050_00222_23322_0058_uint16_reduced_compressed\">\n                            <gml:exterior>\n                                <gml:LinearRing>\n                                    <gml:posList>46.216558117161831 14.322575965570632 46.152076035932481 14.889221273108005 46.044474823463794 15.714163344615594 45.874384258110481 16.939196215846479 45.707637144588894 18.041167934827204 45.437660686504373 19.696621277900043 45.188708312816836 21.061979138012749 44.985502338431836 22.146529676798433 44.817601054763827 22.972838987446604 44.548719301064217 24.216794365275184 44.3530257779924 25.078471192994467 44.22240050905593 25.619454330500787 43.869452681903326 27.09669054643166 43.648677594634755 27.968590771844294 42.914276071713552 27.608908709842403 41.406744994495533 26.904154140811876 39.890886830729123 26.231198447937022 38.857425138443418 25.792810051163016 37.327455393788711 25.159378338866166 35.916979840274777 24.607823210234383 34.659955537947333 24.126821684115889 33.485864484245845 23.695476694402991 32.269745756399814 23.26447084501703 32.597366402196513 21.93771962779514 32.937415353394336 20.490341506430831 33.329502252603099 18.720985177579344 33.615994276288191 17.307239088316752 33.851259307900314 16.11996944899975 34.086158876902616 14.837090472242945 34.286728058386622 13.6927083205932 34.450209004129491 12.702328609369403 34.61257554817076 11.648344319329102 35.404301926952847 11.818952124495301 36.49644381567186 12.060892168743793 37.456615498759454 12.273681516152488 38.338767896663171 12.465752226451535 39.179619054397598 12.658488985584443 40.085426060828823 12.861885998466006 41.224754298927756 13.125704236676295 41.773101066725957 13.249297855403793 42.58703007421078 13.442093948019213 43.450338489759865 13.64731130090046 43.879741506184544 13.749195683701547 44.515959757778518 13.904244341338821 45.247153632802366 14.076176234357471 45.812576564427765 14.215619939492056 46.216558117161831 14.322575965570632</gml:posList>\n                                </gml:LinearRing>\n                            </gml:exterior>\n                        </gml:Polygon>\n                    </gml:surfaceMember>\n                </gml:MultiSurface>\n            </eop:multiExtentOf>\n        </eop:Footprint>\n    </om:featureOfInterest>\n    <om:result/>\n    <eop:metaDataProperty>\n        <eop:EarthObservationMetaData>\n            <eop:identifier>MER_FRS_1PNPDE20060816_090929_000001972050_00222_23322_0058_uint16_reduced_compressed</eop:identifier>\n            <eop:acquisitionType>NOMINAL</eop:acquisitionType>\n            <eop:productType>MER_FRS_1P</eop:productType>\n            <eop:status>ARCHIVED</eop:status>\n            <eop:downlinkedTo>\n                <eop:DownlinkInformation>\n                    <eop:acquisitionStation>PDHS-E</eop:acquisitionStation>\n                </eop:DownlinkInformation>\n            </eop:downlinkedTo>\n            <eop:processing>\n                <eop:ProcessingInformation>\n                    <eop:processingCenter>PDHS-E</eop:processingCenter>\n                </eop:ProcessingInformation>\n            </eop:processing>\n        </eop:EarthObservationMetaData>\n    </eop:metaDataProperty>\n</eop:EarthObservation>\n"
        }
    }, 
    {
        "pk": 4, 
        "model": "coverages.eometadatarecord", 
        "fields": {
            "footprint": "MULTIPOLYGON (((11.4521650000000008 46.2153819999999982, 12.5646009999999997 46.0771390000000025, 13.8870950000000004 45.8981610000000018, 15.2742889999999996 45.6808740000000029, 16.7326349999999984 45.4497860000000031, 18.9109359999999995 45.0519170000000031, 20.4086059999999989 44.7480120000000028, 21.9669670000000004 44.4119409999999988, 23.5190429999999999 44.0420159999999967, 25.0934950000000008 43.6437219999999968, 24.6976230000000001 42.8205799999999996, 24.0957259999999991 41.5268159999999966, 23.4487360000000002 40.0808680000000024, 22.9894649999999992 39.0251519999999985, 22.5023219999999995 37.8514520000000019, 22.0152220000000014 36.6424820000000011, 21.4988519999999994 35.3070149999999998, 20.9441589999999991 33.8151370000000000, 20.3863909999999997 32.2669270000000026, 19.5642050000000012 32.4730130000000017, 18.2080920000000006 32.7999569999999991, 16.6359749999999984 33.1567549999999969, 15.0458300000000005 33.4901059999999973, 13.4686730000000008 33.8024199999999979, 11.7886559999999996 34.1176280000000034, 10.1019860000000001 34.4047589999999985, 8.7789260000000002 34.6120700000000028, 9.0657630000000005 35.9377350000000035, 9.3146889999999996 37.0426349999999971, 9.5712189999999993 38.2116929999999968, 9.9108920000000005 39.7088320000000010, 10.2569370000000006 41.2352390000000000, 10.5706380000000006 42.5717390000000009, 10.8047350000000009 43.5672739999999976, 11.0694020000000002 44.6570400000000021, 11.2822549999999993 45.5500389999999982, 11.4521650000000008 46.2153819999999982)))", 
            "timestamp_end": "2006-08-22 09:24:15Z", 
            "timestamp_begin": "2006-08-22 09:20:58Z", 
            "eo_gml": "<?xml version=\"1.0\" encoding=\"utf-8\"?>\n<?xml-stylesheet type=\"text/xsl\" href=\"schematron_result_for_eop.xsl\"?>\n<eop:EarthObservation xmlns:xsi=\"http://www.w3.org/2001/XMLSchema-instance\"\n    xsi:schemaLocation=\"http://www.opengis.net/opt/2.0 ../xsd/opt.xsd\"\n    xmlns:xlink=\"http://www.w3.org/1999/xlink\" xmlns:gml=\"http://www.opengis.net/gml/3.2\"\n    xmlns:eop=\"http://www.opengis.net/eop/2.0\"\n    xmlns:swe=\"http://www.opengis.net/swe/1.0\"\n    xmlns:om=\"http://www.opengis.net/om/2.0\"\n    gml:id=\"eop_MER_FRS_1PNPDE20060822_092058_000001972050_00308_23408_0077_uint16_reduced_compressed\">\n    <om:phenomenonTime>\n        <gml:TimePeriod gml:id=\"tp_MER_FRS_1PNPDE20060822_092058_000001972050_00308_23408_0077_uint16_reduced_compressed\">\n            <gml:beginPosition>2006-08-22T09:20:58Z</gml:beginPosition>\n            <gml:endPosition>2006-08-22T09:24:15Z</gml:endPosition>\n        </gml:TimePeriod>\n    </om:phenomenonTime>\n    <om:resultTime>\n        <!-- repeat of archiving date? -->\n        <gml:TimeInstant gml:id=\"archivingdate_MER_FRS_1PNPDE20060822_092058_000001972050_00308_23408_0077_uint16_reduced_compressed\">\n            <gml:timePosition>2006-08-25T07:49:17Z</gml:timePosition>\n        </gml:TimeInstant>\n    </om:resultTime>\n    <om:procedure>\n        <eop:EarthObservationEquipment gml:id=\"equ_MER_FRS_1PNPDE20060822_092058_000001972050_00308_23408_0077_uint16_reduced_compressed\">\n            <eop:platform>\n                <eop:Platform>\n                    <eop:shortName>ENVISAT</eop:shortName>\n                </eop:Platform>\n            </eop:platform>\n            <eop:instrument>\n                <eop:Instrument>\n                    <eop:shortName>MERIS</eop:shortName>\n                </eop:Instrument>\n            </eop:instrument>\n            <eop:sensor>\n                <eop:Sensor>\n                    <eop:sensorType>OPTICAL</eop:sensorType>\n                </eop:Sensor>\n            </eop:sensor>\n        </eop:EarthObservationEquipment>\n    </om:procedure>\n    <om:observedProperty xlink:href=\"#params1\"/>\n    <om:featureOfInterest>\n        <eop:Footprint gml:id=\"footprint_MER_FRS_1PNPDE20060822_092058_000001972050_00308_23408_0077_uint16_reduced_compressed\">\n            <eop:multiExtentOf>\n                <gml:MultiSurface gml:id=\"multisurface_MER_FRS_1PNPDE20060822_092058_000001972050_00308_23408_0077_uint16_reduced_compressed\" srsName=\"EPSG:4326\">\n                    <gml:surfaceMember>\n                        <gml:Polygon gml:id=\"polygon_MER_FRS_1PNPDE20060822_092058_000001972050_00308_23408_0077_uint16_reduced_compressed\">\n                            <gml:exterior>\n                                <gml:LinearRing>\n                                    <gml:posList>46.215382038266426 11.452164999301536 46.077138992332522 12.56460056524387 45.898160545555285 13.88709473239655 45.680873827856274 15.27428923693798 45.449785763554488 16.732634573806106 45.051916790463871 18.910935999726473 44.748011699503031 20.408605523933062 44.411941287675177 21.96696659827764 44.042016022159309 23.519043285242258 43.643722088460834 25.093495248306709 42.820580145843472 24.697623348710682 41.526815857193817 24.095725514178625 40.080867763238736 23.448735861981131 39.025151818307243 22.989465254572469 37.85145204973027 22.50232224402901 36.642481720935422 22.01522231099019 35.307014823570611 21.498852478425345 33.815137282909021 20.944158667755332 32.266926679766343 20.386391220319478 32.473013412727383 19.564204682221426 32.79995702514136 18.208092189126496 33.156754966055587 16.635974830934515 33.490105968579719 15.045830395932443 33.802420221893549 13.468673053964881 34.117627714568791 11.788656279967018 34.404759326849735 10.10198645739054 34.612069910182186 8.778925655898064 35.937735362108867 9.065762626406386 37.042634504980391 9.314689072633191 38.211692868275371 9.571219329906695 39.708832350160876 9.910891562982675 41.235238659326725 10.256936653724585 42.571739065122323 10.570638082577355 43.567273827516843 10.804735163945022 44.657040223845229 11.06940217936636 45.550039415025189 11.28225456261711 46.215382038266426 11.452164999301536</gml:posList>\n                                </gml:LinearRing>\n                            </gml:exterior>\n                        </gml:Polygon>\n                    </gml:surfaceMember>\n                </gml:MultiSurface>\n            </eop:multiExtentOf>\n        </eop:Footprint>\n    </om:featureOfInterest>\n    <om:result/>\n    <eop:metaDataProperty>\n        <eop:EarthObservationMetaData>\n            <eop:identifier>MER_FRS_1PNPDE20060822_092058_000001972050_00308_23408_0077_uint16_reduced_compressed</eop:identifier>\n            <eop:acquisitionType>NOMINAL</eop:acquisitionType>\n            <eop:productType>MER_FRS_1P</eop:productType>\n            <eop:status>ARCHIVED</eop:status>\n            <eop:downlinkedTo>\n                <eop:DownlinkInformation>\n                    <eop:acquisitionStation>PDHS-E</eop:acquisitionStation>\n                </eop:DownlinkInformation>\n            </eop:downlinkedTo>\n            <eop:processing>\n                <eop:ProcessingInformation>\n                    <eop:processingCenter>PDHS-E</eop:processingCenter>\n                </eop:ProcessingInformation>\n            </eop:processing>\n        </eop:EarthObservationMetaData>\n    </eop:metaDataProperty>\n</eop:EarthObservation>\n"
        }
    }, 
    {
        "pk": 5, 
        "model": "coverages.eometadatarecord", 
        "fields": {
            "footprint": "MULTIPOLYGON (((-3.9550779999999999 44.8242189999999994, -4.0429690000000003 32.0800780000000003, 33.1347659999999991 32.1679689999999994, 32.9589840000000009 45.1757810000000006, -3.9550779999999999 44.8242189999999994)))", 
            "timestamp_end": "2006-08-31 00:00:00Z", 
            "timestamp_begin": "2006-08-16 00:00:00Z", 
            "eo_gml": ""
        }
    }, 
    {
        "pk": 6, 
        "model": "coverages.eometadatarecord", 
        "fields": {
            "footprint": "MULTIPOLYGON (((14.3225759999999998 46.2165579999999991, 14.8892209999999992 46.1520760000000010, 15.7141629999999992 46.0444749999999985, 16.9391959999999990 45.8743839999999992, 18.0411679999999990 45.7076369999999983, 19.6966210000000004 45.4376609999999985, 21.0619790000000009 45.1887079999999983, 22.1465299999999985 44.9855019999999968, 22.9728390000000005 44.8176010000000034, 24.2167940000000002 44.5487189999999984, 25.0784710000000004 44.3530259999999998, 25.6194540000000011 44.2224009999999979, 27.0966909999999999 43.8694530000000000, 27.9685910000000000 43.6486779999999968, 27.6089090000000006 42.9142760000000010, 26.9041539999999983 41.4067450000000008, 26.2311979999999991 39.8908869999999993, 25.7928099999999993 38.8574249999999992, 25.1593780000000002 37.3274550000000005, 24.6078229999999998 35.9169800000000023, 24.1268220000000007 34.6599560000000011, 23.6954770000000003 33.4858639999999994, 23.2644710000000003 32.2697459999999978, 21.9377199999999988 32.5973660000000010, 20.4903419999999983 32.9374150000000014, 18.7209849999999989 33.3295019999999980, 17.3072389999999992 33.6159940000000006, 16.1199690000000011 33.8512589999999989, 14.8370899999999999 34.0861590000000021, 13.6927079999999997 34.2867279999999965, 12.7023290000000006 34.4502090000000010, 11.6483439999999998 34.6125759999999971, 11.8189519999999995 35.4043020000000013, 12.0608920000000008 36.4964439999999968, 12.2736820000000009 37.4566149999999993, 12.4657520000000002 38.3387680000000017, 12.6584889999999994 39.1796190000000024, 12.8618860000000002 40.0854259999999982, 13.1257040000000007 41.2247539999999972, 13.2492979999999996 41.7731009999999969, 13.4420940000000009 42.5870299999999986, 13.6473110000000002 43.4503380000000021, 13.7491959999999995 43.8797420000000002, 13.9042440000000003 44.5159599999999998, 14.0761760000000002 45.2471540000000019, 14.2156199999999995 45.8125769999999974, 14.3225759999999998 46.2165579999999991)))", 
            "timestamp_end": "2006-08-16 09:12:46Z", 
            "timestamp_begin": "2006-08-16 09:09:29Z", 
            "eo_gml": "<?xml version=\"1.0\" encoding=\"utf-8\"?>\n<?xml-stylesheet type=\"text/xsl\" href=\"schematron_result_for_eop.xsl\"?>\n<eop:EarthObservation xmlns:xsi=\"http://www.w3.org/2001/XMLSchema-instance\"\n    xsi:schemaLocation=\"http://www.opengis.net/opt/2.0 ../xsd/opt.xsd\"\n    xmlns:xlink=\"http://www.w3.org/1999/xlink\" xmlns:gml=\"http://www.opengis.net/gml/3.2\"\n    xmlns:eop=\"http://www.opengis.net/eop/2.0\"\n    xmlns:swe=\"http://www.opengis.net/swe/1.0\"\n    xmlns:om=\"http://www.opengis.net/om/2.0\"\n    gml:id=\"eop_mosaic_MER_FRS_1PNPDE20060816_090929_000001972050_00222_23322_0058_RGB_reduced\">\n    <om:phenomenonTime>\n        <gml:TimePeriod gml:id=\"tp_mosaic_MER_FRS_1PNPDE20060816_090929_000001972050_00222_23322_0058_RGB_reduced\">\n            <gml:beginPosition>2006-08-16T09:09:29Z</gml:beginPosition>\n            <gml:endPosition>2006-08-16T09:12:46Z</gml:endPosition>\n        </gml:TimePeriod>\n    </om:phenomenonTime>\n    <om:resultTime>\n        <!-- repeat of archiving date? -->\n        <gml:TimeInstant gml:id=\"archivingdate_mosaic_MER_FRS_1PNPDE20060816_090929_000001972050_00222_23322_0058_RGB_reduced\">\n            <gml:timePosition>2006-08-16T11:03:08Z</gml:timePosition>\n        </gml:TimeInstant>\n    </om:resultTime>\n    <om:procedure>\n        <eop:EarthObservationEquipment gml:id=\"equ_mosaic_MER_FRS_1PNPDE20060816_090929_000001972050_00222_23322_0058_RGB_reduced\">\n            <eop:platform>\n                <eop:Platform>\n                    <eop:shortName>ENVISAT</eop:shortName>\n                </eop:Platform>\n            </eop:platform>\n            <eop:instrument>\n                <eop:Instrument>\n                    <eop:shortName>MERIS</eop:shortName>\n                </eop:Instrument>\n            </eop:instrument>\n            <eop:sensor>\n                <eop:Sensor>\n                    <eop:sensorType>OPTICAL</eop:sensorType>\n                </eop:Sensor>\n            </eop:sensor>\n        </eop:EarthObservationEquipment>\n    </om:procedure>\n    <om:observedProperty xlink:href=\"#params1\"/>\n    <om:featureOfInterest>\n        <eop:Footprint gml:id=\"footprint_mosaic_MER_FRS_1PNPDE20060816_090929_000001972050_00222_23322_0058_RGB_reduced\">\n            <eop:multiExtentOf>\n                <gml:MultiSurface gml:id=\"multisurface_mosaic_MER_FRS_1PNPDE20060816_090929_000001972050_00222_23322_0058_RGB_reduced\" srsName=\"EPSG:4326\">\n                    <gml:surfaceMember>\n                        <gml:Polygon gml:id=\"polygon_mosaic_MER_FRS_1PNPDE20060816_090929_000001972050_00222_23322_0058_RGB_reduced\">\n                            <gml:exterior>\n                                <gml:LinearRing>\n                                    <gml:posList>46.216558117161831 14.322575965570632 46.152076035932481 14.889221273108005 46.044474823463794 15.714163344615594 45.874384258110481 16.939196215846479 45.707637144588894 18.041167934827204 45.437660686504373 19.696621277900043 45.188708312816836 21.061979138012749 44.985502338431836 22.146529676798433 44.817601054763827 22.972838987446604 44.548719301064217 24.216794365275184 44.3530257779924 25.078471192994467 44.22240050905593 25.619454330500787 43.869452681903326 27.09669054643166 43.648677594634755 27.968590771844294 42.914276071713552 27.608908709842403 41.406744994495533 26.904154140811876 39.890886830729123 26.231198447937022 38.857425138443418 25.792810051163016 37.327455393788711 25.159378338866166 35.916979840274777 24.607823210234383 34.659955537947333 24.126821684115889 33.485864484245845 23.695476694402991 32.269745756399814 23.26447084501703 32.597366402196513 21.93771962779514 32.937415353394336 20.490341506430831 33.329502252603099 18.720985177579344 33.615994276288191 17.307239088316752 33.851259307900314 16.11996944899975 34.086158876902616 14.837090472242945 34.286728058386622 13.6927083205932 34.450209004129491 12.702328609369403 34.61257554817076 11.648344319329102 35.404301926952847 11.818952124495301 36.49644381567186 12.060892168743793 37.456615498759454 12.273681516152488 38.338767896663171 12.465752226451535 39.179619054397598 12.658488985584443 40.085426060828823 12.861885998466006 41.224754298927756 13.125704236676295 41.773101066725957 13.249297855403793 42.58703007421078 13.442093948019213 43.450338489759865 13.64731130090046 43.879741506184544 13.749195683701547 44.515959757778518 13.904244341338821 45.247153632802366 14.076176234357471 45.812576564427765 14.215619939492056 46.216558117161831 14.322575965570632</gml:posList>\n                                </gml:LinearRing>\n                            </gml:exterior>\n                        </gml:Polygon>\n                    </gml:surfaceMember>\n                </gml:MultiSurface>\n            </eop:multiExtentOf>\n        </eop:Footprint>\n    </om:featureOfInterest>\n    <om:result/>\n    <eop:metaDataProperty>\n        <eop:EarthObservationMetaData>\n            <eop:identifier>mosaic_MER_FRS_1PNPDE20060816_090929_000001972050_00222_23322_0058_RGB_reduced</eop:identifier>\n            <eop:acquisitionType>NOMINAL</eop:acquisitionType>\n            <eop:productType>MER_FRS_1P</eop:productType>\n            <eop:status>ARCHIVED</eop:status>\n            <eop:downlinkedTo>\n                <eop:DownlinkInformation>\n                    <eop:acquisitionStation>PDHS-E</eop:acquisitionStation>\n                </eop:DownlinkInformation>\n            </eop:downlinkedTo>\n            <eop:processing>\n                <eop:ProcessingInformation>\n                    <eop:processingCenter>PDHS-E</eop:processingCenter>\n                </eop:ProcessingInformation>\n            </eop:processing>\n        </eop:EarthObservationMetaData>\n    </eop:metaDataProperty>\n</eop:EarthObservation>\n"
        }
    }, 
    {
        "pk": 7, 
        "model": "coverages.eometadatarecord", 
        "fields": {
            "footprint": "MULTIPOLYGON (((-0.7697720000000000 46.2184450000000027, 0.2885470000000000 46.0829060000000013, 2.7334200000000002 45.7363629999999972, 4.8156569999999999 45.3994700000000009, 6.8947760000000002 45.0094819999999984, 8.1549139999999998 44.7501850000000019, 9.6342459999999992 44.4195240000000027, 11.0061820000000008 44.1060659999999984, 12.2788330000000006 43.7998090000000033, 12.8747340000000001 43.6403559999999970, 12.2287479999999995 42.2970240000000004, 11.4284250000000007 40.5405590000000018, 10.6609879999999997 38.7441839999999971, 9.9275389999999994 36.9630879999999991, 9.2395879999999995 35.1822599999999994, 8.7282869999999999 33.8078110000000009, 8.1744629999999994 32.2645410000000012, 7.3466579999999997 32.4744570000000010, 5.4890010000000000 32.9147210000000001, 3.5949130000000000 33.3292950000000019, 1.6795620000000000 33.7189490000000021, -0.2562130000000000 34.0828819999999979, -1.7440840000000000 34.3405720000000017, -3.4379810000000002 34.6029479999999978, -3.3121380000000000 35.2004999999999981, -2.9686140000000001 36.7570940000000022, -2.6820100000000000 38.0557960000000008, -2.3507590000000000 39.5173360000000002, -1.9420690000000000 41.3009210000000024, -1.5538600000000000 42.9462159999999997, -1.1669950000000000 44.5925110000000018, -0.7697720000000000 46.2184450000000027)))", 
            "timestamp_end": "2006-08-30 10:13:06Z", 
            "timestamp_begin": "2006-08-30 10:09:49Z", 
            "eo_gml": "<?xml version=\"1.0\" encoding=\"utf-8\"?>\n<?xml-stylesheet type=\"text/xsl\" href=\"schematron_result_for_eop.xsl\"?>\n<eop:EarthObservation xmlns:xsi=\"http://www.w3.org/2001/XMLSchema-instance\"\n    xsi:schemaLocation=\"http://www.opengis.net/opt/2.0 ../xsd/opt.xsd\"\n    xmlns:xlink=\"http://www.w3.org/1999/xlink\" xmlns:gml=\"http://www.opengis.net/gml/3.2\"\n    xmlns:eop=\"http://www.opengis.net/eop/2.0\"\n    xmlns:swe=\"http://www.opengis.net/swe/1.0\"\n    xmlns:om=\"http://www.opengis.net/om/2.0\"\n    gml:id=\"eop_mosaic_MER_FRS_1PNPDE20060830_100949_000001972050_00423_23523_0079_RGB_reduced\">\n    <om:phenomenonTime>\n        <gml:TimePeriod gml:id=\"tp_mosaic_MER_FRS_1PNPDE20060830_100949_000001972050_00423_23523_0079_RGB_reduced\">\n            <gml:beginPosition>2006-08-30T10:09:49Z</gml:beginPosition>\n            <gml:endPosition>2006-08-30T10:13:06Z</gml:endPosition>\n        </gml:TimePeriod>\n    </om:phenomenonTime>\n    <om:resultTime>\n        <!-- repeat of archiving date? -->\n        <gml:TimeInstant gml:id=\"archivingdate_mosaic_MER_FRS_1PNPDE20060830_100949_000001972050_00423_23523_0079_RGB_reduced\">\n            <gml:timePosition>2006-08-30T13:08:46Z</gml:timePosition>\n        </gml:TimeInstant>\n    </om:resultTime>\n    <om:procedure>\n        <eop:EarthObservationEquipment gml:id=\"equ_mosaic_MER_FRS_1PNPDE20060830_100949_000001972050_00423_23523_0079_RGB_reduced\">\n            <eop:platform>\n                <eop:Platform>\n                    <eop:shortName>ENVISAT</eop:shortName>\n                </eop:Platform>\n            </eop:platform>\n            <eop:instrument>\n                <eop:Instrument>\n                    <eop:shortName>MERIS</eop:shortName>\n                </eop:Instrument>\n            </eop:instrument>\n            <eop:sensor>\n                <eop:Sensor>\n                    <eop:sensorType>OPTICAL</eop:sensorType>\n                </eop:Sensor>\n            </eop:sensor>\n        </eop:EarthObservationEquipment>\n    </om:procedure>\n    <om:observedProperty xlink:href=\"#params1\"/>\n    <om:featureOfInterest>\n        <eop:Footprint gml:id=\"footprint_mosaic_MER_FRS_1PNPDE20060830_100949_000001972050_00423_23523_0079_RGB_reduced\">\n            <eop:multiExtentOf>\n                <gml:MultiSurface gml:id=\"multisurface_mosaic_MER_FRS_1PNPDE20060830_100949_000001972050_00423_23523_0079_RGB_reduced\" srsName=\"EPSG:4326\">\n                    <gml:surfaceMember>\n                        <gml:Polygon gml:id=\"polygon_mosaic_MER_FRS_1PNPDE20060830_100949_000001972050_00423_23523_0079_RGB_reduced\">\n                            <gml:exterior>\n                                <gml:LinearRing>\n                                    <gml:posList>46.218445404185523 -0.76977182361738 46.082906444151412 0.288547363821689 45.736362636726184 2.733419759721718 45.39947037754385 4.815657039292408 45.009481751872841 6.894775798282314 44.75018471574041 8.154913571318612 44.419523953086873 9.634245839133294 44.106065841642724 11.006182471486037 43.799809353864482 12.278832827641576 43.64035642239579 12.874734457414554 42.297024153936299 12.228748112726354 40.540559047616689 11.428424700783859 38.744184017222707 10.660987879488511 36.963087985384199 9.927539260629768 35.182260410114758 9.239587579469651 33.807810710102451 8.728287480275119 32.264540577585258 8.174463354403226 32.474457463913588 7.346658308388547 32.914720908552496 5.48900097684443 33.32929471736243 3.594912710998026 33.718948965521164 1.679561673218221 34.082882201063725 -0.256213475006078 34.340572432492237 -1.744083689584682 34.602947959526702 -3.43798101398678 35.200500221283981 -3.312138031931722 36.757093701370252 -2.96861379128801 38.055795734748088 -2.682010254826003 39.51733579731436 -2.350758514252345 41.300920677569081 -1.942069312500661 42.946216061481564 -1.553859522839208 44.592511014222083 -1.166995203885614 46.218445404185523 -0.76977182361738</gml:posList>\n                                </gml:LinearRing>\n                            </gml:exterior>\n                        </gml:Polygon>\n                    </gml:surfaceMember>\n                </gml:MultiSurface>\n            </eop:multiExtentOf>\n        </eop:Footprint>\n    </om:featureOfInterest>\n    <om:result/>\n    <eop:metaDataProperty>\n        <eop:EarthObservationMetaData>\n            <eop:identifier>mosaic_MER_FRS_1PNPDE20060830_100949_000001972050_00423_23523_0079_RGB_reduced</eop:identifier>\n            <eop:acquisitionType>NOMINAL</eop:acquisitionType>\n            <eop:productType>MER_FRS_1P</eop:productType>\n            <eop:status>ARCHIVED</eop:status>\n            <eop:downlinkedTo>\n                <eop:DownlinkInformation>\n                    <eop:acquisitionStation>PDHS-E</eop:acquisitionStation>\n                </eop:DownlinkInformation>\n            </eop:downlinkedTo>\n            <eop:processing>\n                <eop:ProcessingInformation>\n                    <eop:processingCenter>PDHS-E</eop:processingCenter>\n                </eop:ProcessingInformation>\n            </eop:processing>\n        </eop:EarthObservationMetaData>\n    </eop:metaDataProperty>\n</eop:EarthObservation>\n"
        }
    }, 
    {
        "pk": 8, 
        "model": "coverages.eometadatarecord", 
        "fields": {
            "footprint": "MULTIPOLYGON (((11.4521650000000008 46.2153819999999982, 12.5646009999999997 46.0771390000000025, 13.8870950000000004 45.8981610000000018, 15.2742889999999996 45.6808740000000029, 16.7326349999999984 45.4497860000000031, 18.9109359999999995 45.0519170000000031, 20.4086059999999989 44.7480120000000028, 21.9669670000000004 44.4119409999999988, 23.5190429999999999 44.0420159999999967, 25.0934950000000008 43.6437219999999968, 24.6976230000000001 42.8205799999999996, 24.0957259999999991 41.5268159999999966, 23.4487360000000002 40.0808680000000024, 22.9894649999999992 39.0251519999999985, 22.5023219999999995 37.8514520000000019, 22.0152220000000014 36.6424820000000011, 21.4988519999999994 35.3070149999999998, 20.9441589999999991 33.8151370000000000, 20.3863909999999997 32.2669270000000026, 19.5642050000000012 32.4730130000000017, 18.2080920000000006 32.7999569999999991, 16.6359749999999984 33.1567549999999969, 15.0458300000000005 33.4901059999999973, 13.4686730000000008 33.8024199999999979, 11.7886559999999996 34.1176280000000034, 10.1019860000000001 34.4047589999999985, 8.7789260000000002 34.6120700000000028, 9.0657630000000005 35.9377350000000035, 9.3146889999999996 37.0426349999999971, 9.5712189999999993 38.2116929999999968, 9.9108920000000005 39.7088320000000010, 10.2569370000000006 41.2352390000000000, 10.5706380000000006 42.5717390000000009, 10.8047350000000009 43.5672739999999976, 11.0694020000000002 44.6570400000000021, 11.2822549999999993 45.5500389999999982, 11.4521650000000008 46.2153819999999982)))", 
            "timestamp_end": "2006-08-22 09:24:15Z", 
            "timestamp_begin": "2006-08-22 09:20:58Z", 
            "eo_gml": "<?xml version=\"1.0\" encoding=\"utf-8\"?>\n<?xml-stylesheet type=\"text/xsl\" href=\"schematron_result_for_eop.xsl\"?>\n<eop:EarthObservation xmlns:xsi=\"http://www.w3.org/2001/XMLSchema-instance\"\n    xsi:schemaLocation=\"http://www.opengis.net/opt/2.0 ../xsd/opt.xsd\"\n    xmlns:xlink=\"http://www.w3.org/1999/xlink\" xmlns:gml=\"http://www.opengis.net/gml/3.2\"\n    xmlns:eop=\"http://www.opengis.net/eop/2.0\"\n    xmlns:swe=\"http://www.opengis.net/swe/1.0\"\n    xmlns:om=\"http://www.opengis.net/om/2.0\"\n    gml:id=\"eop_mosaic_MER_FRS_1PNPDE20060822_092058_000001972050_00308_23408_0077_RGB_reduced\">\n    <om:phenomenonTime>\n        <gml:TimePeriod gml:id=\"tp_mosaic_MER_FRS_1PNPDE20060822_092058_000001972050_00308_23408_0077_RGB_reduced\">\n            <gml:beginPosition>2006-08-22T09:20:58Z</gml:beginPosition>\n            <gml:endPosition>2006-08-22T09:24:15Z</gml:endPosition>\n        </gml:TimePeriod>\n    </om:phenomenonTime>\n    <om:resultTime>\n        <!-- repeat of archiving date? -->\n        <gml:TimeInstant gml:id=\"archivingdate_mosaic_MER_FRS_1PNPDE20060822_092058_000001972050_00308_23408_0077_RGB_reduced\">\n            <gml:timePosition>2006-08-25T07:49:17Z</gml:timePosition>\n        </gml:TimeInstant>\n    </om:resultTime>\n    <om:procedure>\n        <eop:EarthObservationEquipment gml:id=\"equ_mosaic_MER_FRS_1PNPDE20060822_092058_000001972050_00308_23408_0077_RGB_reduced\">\n            <eop:platform>\n                <eop:Platform>\n                    <eop:shortName>ENVISAT</eop:shortName>\n                </eop:Platform>\n            </eop:platform>\n            <eop:instrument>\n                <eop:Instrument>\n                    <eop:shortName>MERIS</eop:shortName>\n                </eop:Instrument>\n            </eop:instrument>\n            <eop:sensor>\n                <eop:Sensor>\n                    <eop:sensorType>OPTICAL</eop:sensorType>\n                </eop:Sensor>\n            </eop:sensor>\n        </eop:EarthObservationEquipment>\n    </om:procedure>\n    <om:observedProperty xlink:href=\"#params1\"/>\n    <om:featureOfInterest>\n        <eop:Footprint gml:id=\"footprint_mosaic_MER_FRS_1PNPDE20060822_092058_000001972050_00308_23408_0077_RGB_reduced\">\n            <eop:multiExtentOf>\n                <gml:MultiSurface gml:id=\"multisurface_mosaic_MER_FRS_1PNPDE20060822_092058_000001972050_00308_23408_0077_RGB_reduced\" srsName=\"EPSG:4326\">\n                    <gml:surfaceMember>\n                        <gml:Polygon gml:id=\"polygon_mosaic_MER_FRS_1PNPDE20060822_092058_000001972050_00308_23408_0077_RGB_reduced\">\n                            <gml:exterior>\n                                <gml:LinearRing>\n                                    <gml:posList>46.215382038266426 11.452164999301536 46.077138992332522 12.56460056524387 45.898160545555285 13.88709473239655 45.680873827856274 15.27428923693798 45.449785763554488 16.732634573806106 45.051916790463871 18.910935999726473 44.748011699503031 20.408605523933062 44.411941287675177 21.96696659827764 44.042016022159309 23.519043285242258 43.643722088460834 25.093495248306709 42.820580145843472 24.697623348710682 41.526815857193817 24.095725514178625 40.080867763238736 23.448735861981131 39.025151818307243 22.989465254572469 37.85145204973027 22.50232224402901 36.642481720935422 22.01522231099019 35.307014823570611 21.498852478425345 33.815137282909021 20.944158667755332 32.266926679766343 20.386391220319478 32.473013412727383 19.564204682221426 32.79995702514136 18.208092189126496 33.156754966055587 16.635974830934515 33.490105968579719 15.045830395932443 33.802420221893549 13.468673053964881 34.117627714568791 11.788656279967018 34.404759326849735 10.10198645739054 34.612069910182186 8.778925655898064 35.937735362108867 9.065762626406386 37.042634504980391 9.314689072633191 38.211692868275371 9.571219329906695 39.708832350160876 9.910891562982675 41.235238659326725 10.256936653724585 42.571739065122323 10.570638082577355 43.567273827516843 10.804735163945022 44.657040223845229 11.06940217936636 45.550039415025189 11.28225456261711 46.215382038266426 11.452164999301536</gml:posList>\n                                </gml:LinearRing>\n                            </gml:exterior>\n                        </gml:Polygon>\n                    </gml:surfaceMember>\n                </gml:MultiSurface>\n            </eop:multiExtentOf>\n        </eop:Footprint>\n    </om:featureOfInterest>\n    <om:result/>\n    <eop:metaDataProperty>\n        <eop:EarthObservationMetaData>\n            <eop:identifier>mosaic_MER_FRS_1PNPDE20060822_092058_000001972050_00308_23408_0077_RGB_reduced</eop:identifier>\n            <eop:acquisitionType>NOMINAL</eop:acquisitionType>\n            <eop:productType>MER_FRS_1P</eop:productType>\n            <eop:status>ARCHIVED</eop:status>\n            <eop:downlinkedTo>\n                <eop:DownlinkInformation>\n                    <eop:acquisitionStation>PDHS-E</eop:acquisitionStation>\n                </eop:DownlinkInformation>\n            </eop:downlinkedTo>\n            <eop:processing>\n                <eop:ProcessingInformation>\n                    <eop:processingCenter>PDHS-E</eop:processingCenter>\n                </eop:ProcessingInformation>\n            </eop:processing>\n        </eop:EarthObservationMetaData>\n    </eop:metaDataProperty>\n</eop:EarthObservation>\n"
        }
    }, 
    {
        "pk": 9, 
        "model": "coverages.eometadatarecord", 
        "fields": {
            "footprint": "MULTIPOLYGON (((-3.9550779999999999 44.8242189999999994, -4.0429690000000003 32.0800780000000003, 33.1347659999999991 32.1679689999999994, 32.9589840000000009 45.1757810000000006, -3.9550779999999999 44.8242189999999994)))", 
            "timestamp_end": "2006-08-31 00:00:00Z", 
            "timestamp_begin": "2006-08-16 00:00:00Z", 
            "eo_gml": ""
        }
    }, 
    {
        "pk": 11, 
        "model": "coverages.eometadatarecord", 
        "fields": {
            "footprint": "MULTIPOLYGON (((14.3225759999999998 46.2165579999999991, 14.8892209999999992 46.1520760000000010, 15.7141629999999992 46.0444749999999985, 16.9391959999999990 45.8743839999999992, 18.0411679999999990 45.7076369999999983, 19.6966210000000004 45.4376609999999985, 21.0619790000000009 45.1887079999999983, 22.1465299999999985 44.9855019999999968, 22.9728390000000005 44.8176010000000034, 24.2167940000000002 44.5487189999999984, 25.0784710000000004 44.3530259999999998, 25.6194540000000011 44.2224009999999979, 27.0966909999999999 43.8694530000000000, 27.9685910000000000 43.6486779999999968, 27.6089090000000006 42.9142760000000010, 26.9041539999999983 41.4067450000000008, 26.2311979999999991 39.8908869999999993, 25.7928099999999993 38.8574249999999992, 25.1593780000000002 37.3274550000000005, 24.6078229999999998 35.9169800000000023, 24.1268220000000007 34.6599560000000011, 23.6954770000000003 33.4858639999999994, 23.2644710000000003 32.2697459999999978, 21.9377199999999988 32.5973660000000010, 20.4903419999999983 32.9374150000000014, 18.7209849999999989 33.3295019999999980, 17.3072389999999992 33.6159940000000006, 16.1199690000000011 33.8512589999999989, 14.8370899999999999 34.0861590000000021, 13.6927079999999997 34.2867279999999965, 12.7023290000000006 34.4502090000000010, 11.6483439999999998 34.6125759999999971, 11.8189519999999995 35.4043020000000013, 12.0608920000000008 36.4964439999999968, 12.2736820000000009 37.4566149999999993, 12.4657520000000002 38.3387680000000017, 12.6584889999999994 39.1796190000000024, 12.8618860000000002 40.0854259999999982, 13.1257040000000007 41.2247539999999972, 13.2492979999999996 41.7731009999999969, 13.4420940000000009 42.5870299999999986, 13.6473110000000002 43.4503380000000021, 13.7491959999999995 43.8797420000000002, 13.9042440000000003 44.5159599999999998, 14.0761760000000002 45.2471540000000019, 14.2156199999999995 45.8125769999999974, 14.3225759999999998 46.2165579999999991)))", 
            "timestamp_end": "2006-08-16 09:12:46Z", 
            "timestamp_begin": "2006-08-16 09:09:29Z", 
            "eo_gml": "<?xml version=\"1.0\" encoding=\"utf-8\"?>\n<?xml-stylesheet type=\"text/xsl\" href=\"schematron_result_for_eop.xsl\"?>\n<eop:EarthObservation xmlns:xsi=\"http://www.w3.org/2001/XMLSchema-instance\"\n    xsi:schemaLocation=\"http://www.opengis.net/opt/2.0 ../xsd/opt.xsd\"\n    xmlns:xlink=\"http://www.w3.org/1999/xlink\" xmlns:gml=\"http://www.opengis.net/gml/3.2\"\n    xmlns:eop=\"http://www.opengis.net/eop/2.0\"\n    xmlns:swe=\"http://www.opengis.net/swe/1.0\"\n    xmlns:om=\"http://www.opengis.net/om/2.0\"\n    gml:id=\"eop_MER_FRS_1PNPDE20060816_090929_000001972050_00222_23322_0058_uint16_reduced_compressed_netCDF\">\n    <om:phenomenonTime>\n        <gml:TimePeriod gml:id=\"tp_MER_FRS_1PNPDE20060816_090929_000001972050_00222_23322_0058_uint16_reduced_compressed_netCDF\">\n            <gml:beginPosition>2006-08-16T09:09:29Z</gml:beginPosition>\n            <gml:endPosition>2006-08-16T09:12:46Z</gml:endPosition>\n        </gml:TimePeriod>\n    </om:phenomenonTime>\n    <om:resultTime>\n        <!-- repeat of archiving date? -->\n        <gml:TimeInstant gml:id=\"archivingdate_MER_FRS_1PNPDE20060816_090929_000001972050_00222_23322_0058_uint16_reduced_compressed_netCDF\">\n            <gml:timePosition>2006-08-16T11:03:08Z</gml:timePosition>\n        </gml:TimeInstant>\n    </om:resultTime>\n    <om:procedure>\n        <eop:EarthObservationEquipment gml:id=\"equ_MER_FRS_1PNPDE20060816_090929_000001972050_00222_23322_0058_uint16_reduced_compressed_netCDF\">\n            <eop:platform>\n                <eop:Platform>\n                    <eop:shortName>ENVISAT</eop:shortName>\n                </eop:Platform>\n            </eop:platform>\n            <eop:instrument>\n                <eop:Instrument>\n                    <eop:shortName>MERIS</eop:shortName>\n                </eop:Instrument>\n            </eop:instrument>\n            <eop:sensor>\n                <eop:Sensor>\n                    <eop:sensorType>OPTICAL</eop:sensorType>\n                </eop:Sensor>\n            </eop:sensor>\n        </eop:EarthObservationEquipment>\n    </om:procedure>\n    <om:observedProperty xlink:href=\"#params1\"/>\n    <om:featureOfInterest>\n        <eop:Footprint gml:id=\"footprint_MER_FRS_1PNPDE20060816_090929_000001972050_00222_23322_0058_uint16_reduced_compressed_netCDF\">\n            <eop:multiExtentOf>\n                <gml:MultiSurface gml:id=\"multisurface_MER_FRS_1PNPDE20060816_090929_000001972050_00222_23322_0058_uint16_reduced_compressed_netCDF\" srsName=\"EPSG:4326\">\n                    <gml:surfaceMember>\n                        <gml:Polygon gml:id=\"polygon_MER_FRS_1PNPDE20060816_090929_000001972050_00222_23322_0058_uint16_reduced_compressed_netCDF\">\n                            <gml:exterior>\n                                <gml:LinearRing>\n                                    <gml:posList>46.216558117161831 14.322575965570632 46.152076035932481 14.889221273108005 46.044474823463794 15.714163344615594 45.874384258110481 16.939196215846479 45.707637144588894 18.041167934827204 45.437660686504373 19.696621277900043 45.188708312816836 21.061979138012749 44.985502338431836 22.146529676798433 44.817601054763827 22.972838987446604 44.548719301064217 24.216794365275184 44.3530257779924 25.078471192994467 44.22240050905593 25.619454330500787 43.869452681903326 27.09669054643166 43.648677594634755 27.968590771844294 42.914276071713552 27.608908709842403 41.406744994495533 26.904154140811876 39.890886830729123 26.231198447937022 38.857425138443418 25.792810051163016 37.327455393788711 25.159378338866166 35.916979840274777 24.607823210234383 34.659955537947333 24.126821684115889 33.485864484245845 23.695476694402991 32.269745756399814 23.26447084501703 32.597366402196513 21.93771962779514 32.937415353394336 20.490341506430831 33.329502252603099 18.720985177579344 33.615994276288191 17.307239088316752 33.851259307900314 16.11996944899975 34.086158876902616 14.837090472242945 34.286728058386622 13.6927083205932 34.450209004129491 12.702328609369403 34.61257554817076 11.648344319329102 35.404301926952847 11.818952124495301 36.49644381567186 12.060892168743793 37.456615498759454 12.273681516152488 38.338767896663171 12.465752226451535 39.179619054397598 12.658488985584443 40.085426060828823 12.861885998466006 41.224754298927756 13.125704236676295 41.773101066725957 13.249297855403793 42.58703007421078 13.442093948019213 43.450338489759865 13.64731130090046 43.879741506184544 13.749195683701547 44.515959757778518 13.904244341338821 45.247153632802366 14.076176234357471 45.812576564427765 14.215619939492056 46.216558117161831 14.322575965570632</gml:posList>\n                                </gml:LinearRing>\n                            </gml:exterior>\n                        </gml:Polygon>\n                    </gml:surfaceMember>\n                </gml:MultiSurface>\n            </eop:multiExtentOf>\n        </eop:Footprint>\n    </om:featureOfInterest>\n    <om:result/>\n    <eop:metaDataProperty>\n        <eop:EarthObservationMetaData>\n            <eop:identifier>MER_FRS_1PNPDE20060816_090929_000001972050_00222_23322_0058_uint16_reduced_compressed_netCDF</eop:identifier>\n            <eop:acquisitionType>NOMINAL</eop:acquisitionType>\n            <eop:productType>MER_FRS_1P</eop:productType>\n            <eop:status>ARCHIVED</eop:status>\n            <eop:downlinkedTo>\n                <eop:DownlinkInformation>\n                    <eop:acquisitionStation>PDHS-E</eop:acquisitionStation>\n                </eop:DownlinkInformation>\n            </eop:downlinkedTo>\n            <eop:processing>\n                <eop:ProcessingInformation>\n                    <eop:processingCenter>PDHS-E</eop:processingCenter>\n                </eop:ProcessingInformation>\n            </eop:processing>\n        </eop:EarthObservationMetaData>\n    </eop:metaDataProperty>\n</eop:EarthObservation>\n"
        }
    }, 
    {
        "pk": 12, 
        "model": "coverages.eometadatarecord", 
        "fields": {
            "footprint": "MULTIPOLYGON (((14.3225759999999998 46.2165579999999991, 14.8892209999999992 46.1520760000000010, 15.7141629999999992 46.0444749999999985, 16.9391959999999990 45.8743839999999992, 18.0411679999999990 45.7076369999999983, 19.6966210000000004 45.4376609999999985, 21.0619790000000009 45.1887079999999983, 22.1465299999999985 44.9855019999999968, 22.9728390000000005 44.8176010000000034, 24.2167940000000002 44.5487189999999984, 25.0784710000000004 44.3530259999999998, 25.6194540000000011 44.2224009999999979, 27.0966909999999999 43.8694530000000000, 27.9685910000000000 43.6486779999999968, 27.6089090000000006 42.9142760000000010, 26.9041539999999983 41.4067450000000008, 26.2311979999999991 39.8908869999999993, 25.7928099999999993 38.8574249999999992, 25.1593780000000002 37.3274550000000005, 24.6078229999999998 35.9169800000000023, 24.1268220000000007 34.6599560000000011, 23.6954770000000003 33.4858639999999994, 23.2644710000000003 32.2697459999999978, 21.9377199999999988 32.5973660000000010, 20.4903419999999983 32.9374150000000014, 18.7209849999999989 33.3295019999999980, 17.3072389999999992 33.6159940000000006, 16.1199690000000011 33.8512589999999989, 14.8370899999999999 34.0861590000000021, 13.6927079999999997 34.2867279999999965, 12.7023290000000006 34.4502090000000010, 11.6483439999999998 34.6125759999999971, 11.8189519999999995 35.4043020000000013, 12.0608920000000008 36.4964439999999968, 12.2736820000000009 37.4566149999999993, 12.4657520000000002 38.3387680000000017, 12.6584889999999994 39.1796190000000024, 12.8618860000000002 40.0854259999999982, 13.1257040000000007 41.2247539999999972, 13.2492979999999996 41.7731009999999969, 13.4420940000000009 42.5870299999999986, 13.6473110000000002 43.4503380000000021, 13.7491959999999995 43.8797420000000002, 13.9042440000000003 44.5159599999999998, 14.0761760000000002 45.2471540000000019, 14.2156199999999995 45.8125769999999974, 14.3225759999999998 46.2165579999999991)))", 
            "timestamp_end": "2006-08-16 09:12:46Z", 
            "timestamp_begin": "2006-08-16 09:09:29Z", 
            "eo_gml": "<?xml version=\"1.0\" encoding=\"utf-8\"?>\n<?xml-stylesheet type=\"text/xsl\" href=\"schematron_result_for_eop.xsl\"?>\n<eop:EarthObservation xmlns:xsi=\"http://www.w3.org/2001/XMLSchema-instance\"\n    xsi:schemaLocation=\"http://www.opengis.net/opt/2.0 ../xsd/opt.xsd\"\n    xmlns:xlink=\"http://www.w3.org/1999/xlink\" xmlns:gml=\"http://www.opengis.net/gml/3.2\"\n    xmlns:eop=\"http://www.opengis.net/eop/2.0\"\n    xmlns:swe=\"http://www.opengis.net/swe/1.0\"\n    xmlns:om=\"http://www.opengis.net/om/2.0\"\n    gml:id=\"eop_mosaic_MER_FRS_1PNPDE20060816_090929_000001972050_00222_23322_0058_RGB_reduced_JPEG2000\">\n    <om:phenomenonTime>\n        <gml:TimePeriod gml:id=\"tp_mosaic_MER_FRS_1PNPDE20060816_090929_000001972050_00222_23322_0058_RGB_reduced_JPEG2000\">\n            <gml:beginPosition>2006-08-16T09:09:29Z</gml:beginPosition>\n            <gml:endPosition>2006-08-16T09:12:46Z</gml:endPosition>\n        </gml:TimePeriod>\n    </om:phenomenonTime>\n    <om:resultTime>\n        <!-- repeat of archiving date? -->\n        <gml:TimeInstant gml:id=\"archivingdate_mosaic_MER_FRS_1PNPDE20060816_090929_000001972050_00222_23322_0058_RGB_reduced_JPEG2000\">\n            <gml:timePosition>2006-08-16T11:03:08Z</gml:timePosition>\n        </gml:TimeInstant>\n    </om:resultTime>\n    <om:procedure>\n        <eop:EarthObservationEquipment gml:id=\"equ_mosaic_MER_FRS_1PNPDE20060816_090929_000001972050_00222_23322_0058_RGB_reduced_JPEG2000\">\n            <eop:platform>\n                <eop:Platform>\n                    <eop:shortName>ENVISAT</eop:shortName>\n                </eop:Platform>\n            </eop:platform>\n            <eop:instrument>\n                <eop:Instrument>\n                    <eop:shortName>MERIS</eop:shortName>\n                </eop:Instrument>\n            </eop:instrument>\n            <eop:sensor>\n                <eop:Sensor>\n                    <eop:sensorType>OPTICAL</eop:sensorType>\n                </eop:Sensor>\n            </eop:sensor>\n        </eop:EarthObservationEquipment>\n    </om:procedure>\n    <om:observedProperty xlink:href=\"#params1\"/>\n    <om:featureOfInterest>\n        <eop:Footprint gml:id=\"footprint_mosaic_MER_FRS_1PNPDE20060816_090929_000001972050_00222_23322_0058_RGB_reduced_JPEG2000\">\n            <eop:multiExtentOf>\n                <gml:MultiSurface gml:id=\"multisurface_mosaic_MER_FRS_1PNPDE20060816_090929_000001972050_00222_23322_0058_RGB_reduced_JPEG2000\" srsName=\"EPSG:4326\">\n                    <gml:surfaceMember>\n                        <gml:Polygon gml:id=\"polygon_mosaic_MER_FRS_1PNPDE20060816_090929_000001972050_00222_23322_0058_RGB_reduced_JPEG2000\">\n                            <gml:exterior>\n                                <gml:LinearRing>\n                                    <gml:posList>46.216558117161831 14.322575965570632 46.152076035932481 14.889221273108005 46.044474823463794 15.714163344615594 45.874384258110481 16.939196215846479 45.707637144588894 18.041167934827204 45.437660686504373 19.696621277900043 45.188708312816836 21.061979138012749 44.985502338431836 22.146529676798433 44.817601054763827 22.972838987446604 44.548719301064217 24.216794365275184 44.3530257779924 25.078471192994467 44.22240050905593 25.619454330500787 43.869452681903326 27.09669054643166 43.648677594634755 27.968590771844294 42.914276071713552 27.608908709842403 41.406744994495533 26.904154140811876 39.890886830729123 26.231198447937022 38.857425138443418 25.792810051163016 37.327455393788711 25.159378338866166 35.916979840274777 24.607823210234383 34.659955537947333 24.126821684115889 33.485864484245845 23.695476694402991 32.269745756399814 23.26447084501703 32.597366402196513 21.93771962779514 32.937415353394336 20.490341506430831 33.329502252603099 18.720985177579344 33.615994276288191 17.307239088316752 33.851259307900314 16.11996944899975 34.086158876902616 14.837090472242945 34.286728058386622 13.6927083205932 34.450209004129491 12.702328609369403 34.61257554817076 11.648344319329102 35.404301926952847 11.818952124495301 36.49644381567186 12.060892168743793 37.456615498759454 12.273681516152488 38.338767896663171 12.465752226451535 39.179619054397598 12.658488985584443 40.085426060828823 12.861885998466006 41.224754298927756 13.125704236676295 41.773101066725957 13.249297855403793 42.58703007421078 13.442093948019213 43.450338489759865 13.64731130090046 43.879741506184544 13.749195683701547 44.515959757778518 13.904244341338821 45.247153632802366 14.076176234357471 45.812576564427765 14.215619939492056 46.216558117161831 14.322575965570632</gml:posList>\n                                </gml:LinearRing>\n                            </gml:exterior>\n                        </gml:Polygon>\n                    </gml:surfaceMember>\n                </gml:MultiSurface>\n            </eop:multiExtentOf>\n        </eop:Footprint>\n    </om:featureOfInterest>\n    <om:result/>\n    <eop:metaDataProperty>\n        <eop:EarthObservationMetaData>\n            <eop:identifier>mosaic_MER_FRS_1PNPDE20060816_090929_000001972050_00222_23322_0058_RGB_reduced_JPEG2000</eop:identifier>\n            <eop:acquisitionType>NOMINAL</eop:acquisitionType>\n            <eop:productType>MER_FRS_1P</eop:productType>\n            <eop:status>ARCHIVED</eop:status>\n            <eop:downlinkedTo>\n                <eop:DownlinkInformation>\n                    <eop:acquisitionStation>PDHS-E</eop:acquisitionStation>\n                </eop:DownlinkInformation>\n            </eop:downlinkedTo>\n            <eop:processing>\n                <eop:ProcessingInformation>\n                    <eop:processingCenter>PDHS-E</eop:processingCenter>\n                </eop:ProcessingInformation>\n            </eop:processing>\n        </eop:EarthObservationMetaData>\n    </eop:metaDataProperty>\n</eop:EarthObservation>\n"
        }
    }, 
    {
        "pk": 1, 
        "model": "coverages.datasource", 
        "fields": {
            "search_pattern": "*.tif", 
            "location": 13
        }
    }, 
    {
        "pk": 2, 
        "model": "coverages.datasource", 
        "fields": {
            "search_pattern": "*_compressed.tif", 
            "location": 14
        }
    }, 
    {
        "pk": 1, 
        "model": "coverages.datapackage", 
        "fields": {
            "metadata_format_name": "eogml", 
            "data_package_type": "local"
        }
    }, 
    {
        "pk": 2, 
        "model": "coverages.datapackage", 
        "fields": {
            "metadata_format_name": "eogml", 
            "data_package_type": "local"
        }
    }, 
    {
        "pk": 3, 
        "model": "coverages.datapackage", 
        "fields": {
            "metadata_format_name": "eogml", 
            "data_package_type": "local"
        }
    }, 
    {
        "pk": 4, 
        "model": "coverages.datapackage", 
        "fields": {
            "metadata_format_name": "eogml", 
            "data_package_type": "local"
        }
    }, 
    {
        "pk": 5, 
        "model": "coverages.datapackage", 
        "fields": {
            "metadata_format_name": "eogml", 
            "data_package_type": "local"
        }
    }, 
    {
        "pk": 6, 
        "model": "coverages.datapackage", 
        "fields": {
            "metadata_format_name": "eogml", 
            "data_package_type": "local"
        }
    }, 
    {
        "pk": 11, 
        "model": "coverages.datapackage", 
        "fields": {
            "metadata_format_name": "eogml", 
            "data_package_type": "local"
        }
    }, 
    {
        "pk": 12, 
        "model": "coverages.datapackage", 
        "fields": {
            "metadata_format_name": "eogml", 
            "data_package_type": "local"
        }
    }, 
    {
        "pk": 1, 
        "model": "coverages.localdatapackage", 
        "fields": {
            "metadata_location": 7, 
            "data_location": 1,
	    "source_format": "image/tiff"
        }
    }, 
    {
        "pk": 2, 
        "model": "coverages.localdatapackage", 
        "fields": {
            "metadata_location": 8, 
            "data_location": 2,
	    "source_format": "image/tiff"
        }
    }, 
    {
        "pk": 3, 
        "model": "coverages.localdatapackage", 
        "fields": {
            "metadata_location": 9, 
            "data_location": 3,
	    "source_format": "image/tiff"
        }
    }, 
    {
        "pk": 4, 
        "model": "coverages.localdatapackage", 
        "fields": {
            "metadata_location": 10, 
            "data_location": 4,
	    "source_format": "image/tiff"
        }
    }, 
    {
        "pk": 5, 
        "model": "coverages.localdatapackage", 
        "fields": {
            "metadata_location": 11, 
            "data_location": 5,
	    "source_format": "image/tiff"
        }
    }, 
    {
        "pk": 6, 
        "model": "coverages.localdatapackage", 
        "fields": {
            "metadata_location": 12, 
            "data_location": 6,
	    "source_format": "image/tiff"
        }
    }, 
    {
        "pk": 11, 
        "model": "coverages.localdatapackage", 
        "fields": {
            "metadata_location": 17, 
            "data_location": 16,
	    "source_format": "image/tiff"
        }
    }, 
    {
        "pk": 12, 
        "model": "coverages.localdatapackage", 
        "fields": {
            "metadata_location": 19, 
            "data_location": 18,
	    "source_format": "image/tiff"
        }
    }, 
    {
        "pk": 1, 
        "model": "coverages.tileindex", 
        "fields": {
            "storage_dir": "autotest/data/meris/mosaic_cache/mosaic_MER_FRS_1P_RGB_reduced/"
        }
    }, 
    {
        "pk": 1, 
        "model": "coverages.coveragerecord", 
        "fields": {
            "range_type": 4, 
            "data_source": 2, 
            "automatic": true, 
            "coverage_id": "MER_FRS_1PNPDE20060830_100949_000001972050_00423_23523_0079_uint16_reduced_compressed", 
            "layer_metadata": []
        }
    }, 
    {
        "pk": 2, 
        "model": "coverages.coveragerecord", 
        "fields": {
            "range_type": 4, 
            "data_source": 2, 
            "automatic": true, 
            "coverage_id": "MER_FRS_1PNPDE20060816_090929_000001972050_00222_23322_0058_uint16_reduced_compressed", 
            "layer_metadata": []
        }
    }, 
    {
        "pk": 3, 
        "model": "coverages.coveragerecord", 
        "fields": {
            "range_type": 4, 
            "data_source": 2, 
            "automatic": true, 
            "coverage_id": "MER_FRS_1PNPDE20060822_092058_000001972050_00308_23408_0077_uint16_reduced_compressed", 
            "layer_metadata": []
        }
    }, 
    {
        "pk": 4, 
        "model": "coverages.coveragerecord", 
        "fields": {
            "range_type": 1, 
            "data_source": 1, 
            "automatic": true, 
            "coverage_id": "mosaic_MER_FRS_1PNPDE20060816_090929_000001972050_00222_23322_0058_RGB_reduced", 
            "layer_metadata": []
        }
    }, 
    {
        "pk": 5, 
        "model": "coverages.coveragerecord", 
        "fields": {
            "range_type": 1, 
            "data_source": 1, 
            "automatic": true, 
            "coverage_id": "mosaic_MER_FRS_1PNPDE20060830_100949_000001972050_00423_23523_0079_RGB_reduced", 
            "layer_metadata": []
        }
    }, 
    {
        "pk": 6, 
        "model": "coverages.coveragerecord", 
        "fields": {
            "range_type": 1, 
            "data_source": 1, 
            "automatic": true, 
            "coverage_id": "mosaic_MER_FRS_1PNPDE20060822_092058_000001972050_00308_23408_0077_RGB_reduced", 
            "layer_metadata": []
        }
    }, 
    {
        "pk": 7, 
        "model": "coverages.coveragerecord", 
        "fields": {
            "range_type": 1, 
            "data_source": null, 
            "automatic": false, 
            "coverage_id": "mosaic_MER_FRS_1P_RGB_reduced", 
            "layer_metadata": []
        }
    }, 
    {
        "pk": 11, 
        "model": "coverages.coveragerecord", 
        "fields": {
            "range_type": 4, 
            "data_source": null, 
            "automatic": false, 
            "coverage_id": "MER_FRS_1PNPDE20060816_090929_000001972050_00222_23322_0058_uint16_reduced_compressed_netCDF", 
            "layer_metadata": []
        }
    }, 
    {
        "pk": 12, 
        "model": "coverages.coveragerecord", 
        "fields": {
            "range_type": 1, 
            "data_source": null, 
            "automatic": false, 
            "coverage_id": "mosaic_MER_FRS_1PNPDE20060816_090929_000001972050_00222_23322_0058_RGB_reduced_JPEG2000", 
            "layer_metadata": []
        }
    }, 
    {
        "pk": 1, 
        "model": "coverages.rectifieddatasetrecord", 
        "fields": {
            "lineage": 1, 
            "data_package": 1, 
            "visible": false, 
            "eo_metadata": 2, 
            "extent": 1, 
            "eo_id": "MER_FRS_1PNPDE20060830_100949_000001972050_00423_23523_0079_uint16_reduced_compressed"
        }
    }, 
    {
        "pk": 2, 
        "model": "coverages.rectifieddatasetrecord", 
        "fields": {
            "lineage": 2, 
            "data_package": 2, 
            "visible": true, 
            "eo_metadata": 3, 
            "extent": 2, 
            "eo_id": "MER_FRS_1PNPDE20060816_090929_000001972050_00222_23322_0058_uint16_reduced_compressed"
        }
    }, 
    {
        "pk": 3, 
        "model": "coverages.rectifieddatasetrecord", 
        "fields": {
            "lineage": 3, 
            "data_package": 3, 
            "visible": false, 
            "eo_metadata": 4, 
            "extent": 3, 
            "eo_id": "MER_FRS_1PNPDE20060822_092058_000001972050_00308_23408_0077_uint16_reduced_compressed"
        }
    }, 
    {
        "pk": 4, 
        "model": "coverages.rectifieddatasetrecord", 
        "fields": {
            "lineage": 5, 
            "data_package": 4, 
            "visible": true, 
            "eo_metadata": 6, 
            "extent": 4, 
            "eo_id": "mosaic_MER_FRS_1PNPDE20060816_090929_000001972050_00222_23322_0058_RGB_reduced"
        }
    }, 
    {
        "pk": 5, 
        "model": "coverages.rectifieddatasetrecord", 
        "fields": {
            "lineage": 6, 
            "data_package": 5, 
            "visible": false, 
            "eo_metadata": 7, 
            "extent": 5, 
            "eo_id": "mosaic_MER_FRS_1PNPDE20060830_100949_000001972050_00423_23523_0079_RGB_reduced"
        }
    }, 
    {
        "pk": 6, 
        "model": "coverages.rectifieddatasetrecord", 
        "fields": {
            "lineage": 7, 
            "data_package": 6, 
            "visible": false, 
            "eo_metadata": 8, 
            "extent": 6, 
            "eo_id": "mosaic_MER_FRS_1PNPDE20060822_092058_000001972050_00308_23408_0077_RGB_reduced"
        }
    }, 
    {
        "pk": 11, 
        "model": "coverages.rectifieddatasetrecord", 
        "fields": {
            "lineage": 11, 
            "data_package": 11, 
            "visible": false, 
            "eo_metadata": 11, 
            "extent": 11, 
            "eo_id": "MER_FRS_1PNPDE20060816_090929_000001972050_00222_23322_0058_uint16_reduced_compressed_netCDF"
        }
    }, 
    {
        "pk": 12, 
        "model": "coverages.rectifieddatasetrecord", 
        "fields": {
            "lineage": 12, 
            "data_package": 12, 
            "visible": false, 
            "eo_metadata": 12, 
            "extent": 12, 
            "eo_id": "mosaic_MER_FRS_1PNPDE20060816_090929_000001972050_00222_23322_0058_RGB_reduced_JPEG2000"
        }
    }, 
    {
        "pk": 7, 
        "model": "coverages.rectifiedstitchedmosaicrecord", 
        "fields": {
            "lineage": 4, 
            "data_sources": [
                1
            ], 
            "rect_datasets": [
                4, 
                5, 
                6
            ], 
            "tile_index": 1, 
            "eo_metadata": 5, 
            "extent": 7, 
            "eo_id": "mosaic_MER_FRS_1P_RGB_reduced"
        }
    }, 
    {
        "pk": 8, 
        "model": "coverages.datasetseriesrecord", 
        "fields": {
            "rect_stitched_mosaics": [
                7
            ], 
            "data_sources": [
                2
            ], 
            "ref_datasets": [], 
            "eo_metadata": 1, 
            "rect_datasets": [
                1, 
                2, 
                3, 
                4
            ], 
            "eo_id": "MER_FRS_1P_reduced"
        }
    }, 
    {
        "pk": 9, 
        "model": "coverages.datasetseriesrecord", 
        "fields": {
            "rect_stitched_mosaics": [], 
            "data_sources": [
                1
            ], 
            "ref_datasets": [], 
            "eo_metadata": 9, 
            "rect_datasets": [
                4, 
                5, 
                6
            ], 
            "eo_id": "MER_FRS_1P_RGB_reduced"
        }
    }, 
    {
        "pk": 1, 
        "model": "backends.location", 
        "fields": {
            "location_type": "local"
        }
    }, 
    {
        "pk": 2, 
        "model": "backends.location", 
        "fields": {
            "location_type": "local"
        }
    }, 
    {
        "pk": 3, 
        "model": "backends.location", 
        "fields": {
            "location_type": "local"
        }
    }, 
    {
        "pk": 4, 
        "model": "backends.location", 
        "fields": {
            "location_type": "local"
        }
    }, 
    {
        "pk": 5, 
        "model": "backends.location", 
        "fields": {
            "location_type": "local"
        }
    }, 
    {
        "pk": 6, 
        "model": "backends.location", 
        "fields": {
            "location_type": "local"
        }
    }, 
    {
        "pk": 7, 
        "model": "backends.location", 
        "fields": {
            "location_type": "local"
        }
    }, 
    {
        "pk": 8, 
        "model": "backends.location", 
        "fields": {
            "location_type": "local"
        }
    }, 
    {
        "pk": 9, 
        "model": "backends.location", 
        "fields": {
            "location_type": "local"
        }
    }, 
    {
        "pk": 10, 
        "model": "backends.location", 
        "fields": {
            "location_type": "local"
        }
    }, 
    {
        "pk": 11, 
        "model": "backends.location", 
        "fields": {
            "location_type": "local"
        }
    }, 
    {
        "pk": 12, 
        "model": "backends.location", 
        "fields": {
            "location_type": "local"
        }
    }, 
    {
        "pk": 13, 
        "model": "backends.location", 
        "fields": {
            "location_type": "local"
        }
    }, 
    {
        "pk": 14, 
        "model": "backends.location", 
        "fields": {
            "location_type": "local"
        }
    }, 
    {
        "pk": 16, 
        "model": "backends.location", 
        "fields": {
            "location_type": "local"
        }
    }, 
    {
        "pk": 17, 
        "model": "backends.location", 
        "fields": {
            "location_type": "local"
        }
    }, 
    {
        "pk": 18, 
        "model": "backends.location", 
        "fields": {
            "location_type": "local"
        }
    }, 
    {
        "pk": 19, 
        "model": "backends.location", 
        "fields": {
            "location_type": "local"
        }
    }, 
    {
        "pk": 1, 
        "model": "backends.localpath", 
        "fields": {
            "path": "autotest/data/meris/MER_FRS_1P_reduced/ENVISAT-MER_FRS_1PNPDE20060830_100949_000001972050_00423_23523_0079_uint16_reduced_compressed.tif" 
        }
    }, 
    {
        "pk": 2, 
        "model": "backends.localpath", 
        "fields": {
            "path": "autotest/data/meris/MER_FRS_1P_reduced/ENVISAT-MER_FRS_1PNPDE20060816_090929_000001972050_00222_23322_0058_uint16_reduced_compressed.tif" 
        }
    }, 
    {
        "pk": 3, 
        "model": "backends.localpath", 
        "fields": {
            "path": "autotest/data/meris/MER_FRS_1P_reduced/ENVISAT-MER_FRS_1PNPDE20060822_092058_000001972050_00308_23408_0077_uint16_reduced_compressed.tif"
        }
    }, 
    {
        "pk": 4, 
        "model": "backends.localpath", 
        "fields": {
            "path": "autotest/data/meris/mosaic_MER_FRS_1P_RGB_reduced/mosaic_ENVISAT-MER_FRS_1PNPDE20060816_090929_000001972050_00222_23322_0058_RGB_reduced.tif"
        }
    }, 
    {
        "pk": 5, 
        "model": "backends.localpath", 
        "fields": {
            "path": "autotest/data/meris/mosaic_MER_FRS_1P_RGB_reduced/mosaic_ENVISAT-MER_FRS_1PNPDE20060830_100949_000001972050_00423_23523_0079_RGB_reduced.tif"
        }
    }, 
    {
        "pk": 6, 
        "model": "backends.localpath", 
        "fields": {
            "path": "autotest/data/meris/mosaic_MER_FRS_1P_RGB_reduced/mosaic_ENVISAT-MER_FRS_1PNPDE20060822_092058_000001972050_00308_23408_0077_RGB_reduced.tif"
        }
    }, 
    {
        "pk": 7, 
        "model": "backends.localpath", 
        "fields": {
            "path": "autotest/data/meris/MER_FRS_1P_reduced/ENVISAT-MER_FRS_1PNPDE20060830_100949_000001972050_00423_23523_0079_uint16_reduced_compressed.xml"
        }
    }, 
    {
        "pk": 8, 
        "model": "backends.localpath", 
        "fields": {
            "path": "autotest/data/meris/MER_FRS_1P_reduced/ENVISAT-MER_FRS_1PNPDE20060816_090929_000001972050_00222_23322_0058_uint16_reduced_compressed.xml"
        }
    }, 
    {
        "pk": 9, 
        "model": "backends.localpath", 
        "fields": {
            "path": "autotest/data/meris/MER_FRS_1P_reduced/ENVISAT-MER_FRS_1PNPDE20060822_092058_000001972050_00308_23408_0077_uint16_reduced_compressed.xml"
        }
    }, 
    {
        "pk": 10, 
        "model": "backends.localpath", 
        "fields": {
            "path": "autotest/data/meris/mosaic_MER_FRS_1P_RGB_reduced/mosaic_ENVISAT-MER_FRS_1PNPDE20060816_090929_000001972050_00222_23322_0058_RGB_reduced.xml"
        }
    }, 
    {
        "pk": 11, 
        "model": "backends.localpath", 
        "fields": {
            "path": "autotest/data/meris/mosaic_MER_FRS_1P_RGB_reduced/mosaic_ENVISAT-MER_FRS_1PNPDE20060830_100949_000001972050_00423_23523_0079_RGB_reduced.xml"
        }
    }, 
    {
        "pk": 12, 
        "model": "backends.localpath", 
        "fields": {
            "path": "autotest/data/meris/mosaic_MER_FRS_1P_RGB_reduced/mosaic_ENVISAT-MER_FRS_1PNPDE20060822_092058_000001972050_00308_23408_0077_RGB_reduced.xml"
        }
    }, 
    {
        "pk": 13, 
        "model": "backends.localpath", 
        "fields": {
            "path": "autotest/data/meris/mosaic_MER_FRS_1P_RGB_reduced"
        }
    }, 
    {
        "pk": 14, 
        "model": "backends.localpath", 
        "fields": {
            "path": "autotest/data/meris/MER_FRS_1P_reduced"
        }
    },
    {
        "pk": 16, 
        "model": "backends.localpath", 
        "fields": {
            "path": "autotest/data/meris/MER_FRS_1P_reduced/ENVISAT-MER_FRS_1PNPDE20060816_090929_000001972050_00222_23322_0058_uint16_reduced_compressed.nc"
        }
    }, 
    {
        "pk": 17, 
        "model": "backends.localpath", 
        "fields": {
            "path": "autotest/data/meris/MER_FRS_1P_reduced/ENVISAT-MER_FRS_1PNPDE20060816_090929_000001972050_00222_23322_0058_uint16_reduced_compressed.xml"
        }
    }, 
    {
        "pk": 18, 
        "model": "backends.localpath", 
        "fields": {
            "path": "autotest/data/meris/mosaic_MER_FRS_1P_RGB_reduced/mosaic_ENVISAT-MER_FRS_1PNPDE20060816_090929_000001972050_00222_23322_0058_RGB_reduced.jp2"
        }
    }, 
    {
        "pk": 19, 
        "model": "backends.localpath", 
        "fields": {
            "path": "autotest/data/meris/mosaic_MER_FRS_1P_RGB_reduced/mosaic_ENVISAT-MER_FRS_1PNPDE20060816_090929_000001972050_00222_23322_0058_RGB_reduced.xml"
        }
    }
]
