<?xml version="1.0" ?>
<wfs:FeatureCollection
   timeStamp="2008-09-07T19:00:00"
   numberReturned="2"
   numberMatched="unknown"
   xmlns="http://www.someserver.com/myns"
   xmlns:myns="http://www.someserver.com/myns"
   xmlns:wfs="http://www.opengis.net/wfs/2.0"
   xmlns:gml="http://www.opengis.net/gml/3.2"
   xmlns:xsi="http://www.w3.org/2001/XMLSchema-instance"
   xsi:schemaLocation="http://www.opengis.net/wfs/2.0 ../../wfs.xsd
                       http://www.someserver.com/myns ./BuildingSchema.xsd">

   <wfs:member>
      <Building gml:id="B1">
         <name>City hall</name>
         <addresses>
            <Address>
               <city>Bonn</city>
               <street>Oxfordstrasse</street>
               <number>1</number>
            </Address>
            <Address>
               <city>Bonn</city>
               <street>Breitestrasse</street>
               <number>5</number>
            </Address>
         </addresses>
      </Building>
   </wfs:member>

</wfs:FeatureCollection>
