<?xml version="1.0" encoding="UTF-8"?>
<wcs:GetCoverage xmlns:wcs="http://www.opengis.net/wcs/2.0"
    xmlns:gml="http://www.opengis.net/gml/3.2"
    xmlns:xsi="http://www.w3.org/2001/XMLSchema-instance"
    xsi:schemaLocation="http://www.opengis.net/wcs/2.0 ../../wcsAll.xsd"
    service="WCS" version="2.0.0">
    <wcs:CoverageId>C0002</wcs:CoverageId>
    <wcs:DimensionTrim>
        <wcs:Dimension>Long</wcs:Dimension>
        <wcs:TrimLow>1</wcs:TrimLow>
        <wcs:TrimHigh>3</wcs:TrimHigh>
    </wcs:DimensionTrim>
    <wcs:DimensionTrim>
        <wcs:Dimension>Lat</wcs:Dimension>
        <wcs:TrimLow>1</wcs:TrimLow>
        <wcs:TrimHigh>3</wcs:TrimHigh>
    </wcs:DimensionTrim>
    <wcs:DimensionTrim>
        <wcs:Dimension>h</wcs:Dimension>
        <wcs:TrimLow>1</wcs:TrimLow>
        <wcs:TrimHigh>3</wcs:TrimHigh>
    </wcs:DimensionTrim>
</wcs:GetCoverage>
