<?xml version="1.0"?>
<!-- D.8.1 Example 1 -->
<LockFeature
   version="2.0.0"
   service="WFS"
   lockAction="SOME"
   xmlns="http://www.opengis.net/wfs/2.0"
   xmlns:wfs="http://www.opengis.net/wfs/2.0"
   xmlns:fes="http://www.opengis.net/fes/2.0"
   xmlns:myns="http://www.someserver.com/myns"
   xmlns:xsi="http://www.w3.org/2001/XMLSchema-instance"
   xsi:schemaLocation="http://www.opengis.net/wfs/2.0 
                       http://schemas.opengis.net/wfs/2.0/wfs.xsd">
   <Query typeNames="myns:InWaterA_1M">
      <fes:Filter>
         <fes:ResourceId rid="InWaterA_1M.1013"/>
         <fes:ResourceId rid="InWaterA_1M.1014"/>
         <fes:ResourceId rid="InWaterA_1M.1015"/>
         <fes:ResourceId rid="InWaterA_1M.1016"/>
         <fes:ResourceId rid="InWaterA_1M.1017"/>
      </fes:Filter>
   </Query>
</LockFeature>
