[{"model": "coverages.fieldtype", "pk": 1, "fields": {"coverage_type": 1, "index": 0, "identifier": "MERIS_radiance_01_uint16", "description": "MERIS uint16 first band", "definition": "http://www.opengis.net/def/property/OGC/0/Radiance", "unit_of_measure": "W.m-2.sr-1.nm-1", "wavelength": null, "significant_figures": 5, "numbits": 16, "signed": false, "is_float": false}}, {"model": "coverages.fieldtype", "pk": 2, "fields": {"coverage_type": 1, "index": 1, "identifier": "MERIS_radiance_02_uint16", "description": "MERIS uint16 second band", "definition": "http://www.opengis.net/def/property/OGC/0/Radiance", "unit_of_measure": "W.m-2.sr-1.nm-1", "wavelength": null, "significant_figures": 5, "numbits": 16, "signed": false, "is_float": false}}, {"model": "coverages.fieldtype", "pk": 3, "fields": {"coverage_type": 1, "index": 2, "identifier": "MERIS_radiance_03_uint16", "description": "MERIS uint16 third band", "definition": "http://www.opengis.net/def/property/OGC/0/Radiance", "unit_of_measure": "W.m-2.sr-1.nm-1", "wavelength": null, "significant_figures": 5, "numbits": 16, "signed": false, "is_float": false}}, {"model": "coverages.fieldtype", "pk": 4, "fields": {"coverage_type": 1, "index": 3, "identifier": "MERIS_radiance_04_uint16", "description": "MERIS uint16 fourth band", "definition": "http://www.opengis.net/def/property/OGC/0/Radiance", "unit_of_measure": "W.m-2.sr-1.nm-1", "wavelength": null, "significant_figures": 5, "numbits": 16, "signed": false, "is_float": false}}, {"model": "coverages.fieldtype", "pk": 5, "fields": {"coverage_type": 1, "index": 4, "identifier": "MERIS_radiance_05_uint16", "description": "MERIS uint16 fifth band", "definition": "http://www.opengis.net/def/property/OGC/0/Radiance", "unit_of_measure": "W.m-2.sr-1.nm-1", "wavelength": null, "significant_figures": 5, "numbits": 16, "signed": false, "is_float": false}}, {"model": "coverages.fieldtype", "pk": 6, "fields": {"coverage_type": 1, "index": 5, "identifier": "MERIS_radiance_06_uint16", "description": "MERIS uint16 sixth band", "definition": "http://www.opengis.net/def/property/OGC/0/Radiance", "unit_of_measure": "W.m-2.sr-1.nm-1", "wavelength": null, "significant_figures": 5, "numbits": 16, "signed": false, "is_float": false}}, {"model": "coverages.fieldtype", "pk": 7, "fields": {"coverage_type": 1, "index": 6, "identifier": "MERIS_radiance_07_uint16", "description": "MERIS uint16 seventh band", "definition": "http://www.opengis.net/def/property/OGC/0/Radiance", "unit_of_measure": "W.m-2.sr-1.nm-1", "wavelength": null, "significant_figures": 5, "numbits": 16, "signed": false, "is_float": false}}, {"model": "coverages.fieldtype", "pk": 8, "fields": {"coverage_type": 1, "index": 7, "identifier": "MERIS_radiance_08_uint16", "description": "MERIS uint16 eighth band", "definition": "http://www.opengis.net/def/property/OGC/0/Radiance", "unit_of_measure": "W.m-2.sr-1.nm-1", "wavelength": null, "significant_figures": 5, "numbits": 16, "signed": false, "is_float": false}}, {"model": "coverages.fieldtype", "pk": 9, "fields": {"coverage_type": 1, "index": 8, "identifier": "MERIS_radiance_09_uint16", "description": "MERIS uint16 ninth band", "definition": "http://www.opengis.net/def/property/OGC/0/Radiance", "unit_of_measure": "W.m-2.sr-1.nm-1", "wavelength": null, "significant_figures": 5, "numbits": 16, "signed": false, "is_float": false}}, {"model": "coverages.fieldtype", "pk": 10, "fields": {"coverage_type": 1, "index": 9, "identifier": "MERIS_radiance_10_uint16", "description": "MERIS uint16 tenth band", "definition": "http://www.opengis.net/def/property/OGC/0/Radiance", "unit_of_measure": "W.m-2.sr-1.nm-1", "wavelength": null, "significant_figures": 5, "numbits": 16, "signed": false, "is_float": false}}, {"model": "coverages.fieldtype", "pk": 11, "fields": {"coverage_type": 1, "index": 10, "identifier": "MERIS_radiance_11_uint16", "description": "MERIS uint16 eleventh band", "definition": "http://www.opengis.net/def/property/OGC/0/Radiance", "unit_of_measure": "W.m-2.sr-1.nm-1", "wavelength": null, "significant_figures": 5, "numbits": 16, "signed": false, "is_float": false}}, {"model": "coverages.fieldtype", "pk": 12, "fields": {"coverage_type": 1, "index": 11, "identifier": "MERIS_radiance_12_uint16", "description": "MERIS uint16 twelfth band", "definition": "http://www.opengis.net/def/property/OGC/0/Radiance", "unit_of_measure": "W.m-2.sr-1.nm-1", "wavelength": null, "significant_figures": 5, "numbits": 16, "signed": false, "is_float": false}}, {"model": "coverages.fieldtype", "pk": 13, "fields": {"coverage_type": 1, "index": 12, "identifier": "MERIS_radiance_13_uint16", "description": "MERIS uint16 thirteenth band", "definition": "http://www.opengis.net/def/property/OGC/0/Radiance", "unit_of_measure": "W.m-2.sr-1.nm-1", "wavelength": null, "significant_figures": 5, "numbits": 16, "signed": false, "is_float": false}}, {"model": "coverages.fieldtype", "pk": 14, "fields": {"coverage_type": 1, "index": 13, "identifier": "MERIS_radiance_14_uint16", "description": "MERIS uint16 fourteenth band", "definition": "http://www.opengis.net/def/property/OGC/0/Radiance", "unit_of_measure": "W.m-2.sr-1.nm-1", "wavelength": null, "significant_figures": 5, "numbits": 16, "signed": false, "is_float": false}}, {"model": "coverages.fieldtype", "pk": 15, "fields": {"coverage_type": 1, "index": 14, "identifier": "MERIS_radiance_15_uint16", "description": "MERIS uint16 fifteenth band", "definition": "http://www.opengis.net/def/property/OGC/0/Radiance", "unit_of_measure": "W.m-2.sr-1.nm-1", "wavelength": null, "significant_figures": 5, "numbits": 16, "signed": false, "is_float": false}}, {"model": "coverages.allowedvaluerange", "pk": 1, "fields": {"field_type": 1, "start": 0.0, "end": 65535.0}}, {"model": "coverages.allowedvaluerange", "pk": 2, "fields": {"field_type": 2, "start": 0.0, "end": 65535.0}}, {"model": "coverages.allowedvaluerange", "pk": 3, "fields": {"field_type": 3, "start": 0.0, "end": 65535.0}}, {"model": "coverages.allowedvaluerange", "pk": 4, "fields": {"field_type": 4, "start": 0.0, "end": 65535.0}}, {"model": "coverages.allowedvaluerange", "pk": 5, "fields": {"field_type": 5, "start": 0.0, "end": 65535.0}}, {"model": "coverages.allowedvaluerange", "pk": 6, "fields": {"field_type": 6, "start": 0.0, "end": 65535.0}}, {"model": "coverages.allowedvaluerange", "pk": 7, "fields": {"field_type": 7, "start": 0.0, "end": 65535.0}}, {"model": "coverages.allowedvaluerange", "pk": 8, "fields": {"field_type": 8, "start": 0.0, "end": 65535.0}}, {"model": "coverages.allowedvaluerange", "pk": 9, "fields": {"field_type": 9, "start": 0.0, "end": 65535.0}}, {"model": "coverages.allowedvaluerange", "pk": 10, "fields": {"field_type": 10, "start": 0.0, "end": 65535.0}}, {"model": "coverages.allowedvaluerange", "pk": 11, "fields": {"field_type": 11, "start": 0.0, "end": 65535.0}}, {"model": "coverages.allowedvaluerange", "pk": 12, "fields": {"field_type": 12, "start": 0.0, "end": 65535.0}}, {"model": "coverages.allowedvaluerange", "pk": 13, "fields": {"field_type": 13, "start": 0.0, "end": 65535.0}}, {"model": "coverages.allowedvaluerange", "pk": 14, "fields": {"field_type": 14, "start": 0.0, "end": 65535.0}}, {"model": "coverages.allowedvaluerange", "pk": 15, "fields": {"field_type": 15, "start": 0.0, "end": 65535.0}}, {"model": "coverages.nilvalue", "pk": 1, "fields": {"value": "0", "reason": "http://www.opengis.net/def/nil/OGC/0/unknown", "field_types": [1, 2, 3, 4, 5, 6, 7, 8, 9, 10, 11, 12, 13, 14, 15]}}, {"model": "coverages.coveragetype", "pk": 1, "fields": {"name": "MERIS_uint16"}}, {"model": "coverages.producttype", "pk": 1, "fields": {"name": "MERIS_range_type", "allowed_coverage_types": [1]}}, {"model": "coverages.collectiontype", "pk": 1, "fields": {"name": "MERIS_Products_range_type", "allowed_coverage_types": [], "allowed_product_types": [1]}}, {"model": "coverages.browsetype", "pk": 1, "fields": {"product_type": 1, "name": "NDVI", "red_or_grey_expression": "(MERIS_radiance_13_uint16-MERIS_radiance_07_uint16)/(MERIS_radiance_13_uint16+MERIS_radiance_07_uint16)", "green_expression": null, "blue_expression": null, "alpha_expression": null, "red_or_grey_nodata_value": null, "green_nodata_value": null, "blue_nodata_value": null, "alpha_nodata_value": null, "red_or_grey_range_min": -0.597591, "green_range_min": null, "blue_range_min": null, "alpha_range_min": null, "red_or_grey_range_max": 0.998323, "green_range_max": null, "blue_range_max": null, "alpha_range_max": null}}, {"model": "coverages.grid", "pk": 1, "fields": {"name": null, "coordinate_reference_system": "EPSG:4326", "axis_1_name": "long", "axis_2_name": "lat", "axis_3_name": null, "axis_4_name": null, "axis_1_type": 0, "axis_2_type": 0, "axis_3_type": null, "axis_4_type": null, "axis_1_offset": "0.03139662310517357", "axis_2_offset": "-0.031362900240700195", "axis_3_offset": null, "axis_4_offset": null, "resolution": null}}, {"model": "coverages.grid", "pk": 2, "fields": {"name": null, "coordinate_reference_system": "EPSG:4326", "axis_1_name": "long", "axis_2_name": "lat", "axis_3_name": null, "axis_4_name": null, "axis_1_type": 0, "axis_2_type": 0, "axis_3_type": null, "axis_4_type": null, "axis_1_offset": "0.031390966515787676", "axis_2_offset": "-0.03137006005064385", "axis_3_offset": null, "axis_4_offset": null, "resolution": null}}, {"model": "coverages.grid", "pk": 3, "fields": {"name": null, "coordinate_reference_system": "EPSG:4326", "axis_1_name": "long", "axis_2_name": "lat", "axis_3_name": null, "axis_4_name": null, "axis_1_type": 0, "axis_2_type": 0, "axis_3_type": null, "axis_4_type": null, "axis_1_offset": "0.03139017401038494", "axis_2_offset": "-0.03136926807305177", "axis_3_offset": null, "axis_4_offset": null, "resolution": null}}, {"model": "coverages.eoobject", "pk": 1, "fields": {"identifier": "MER_FRS_1P_reduced", "begin_time": "2006-08-16T09:09:29Z", "end_time": "2006-08-30T10:13:06Z", "footprint": "SRID=4326;POLYGON ((14.32257596557063 46.21655811716183, 14.889221273108 46.15207603593248, 15.71416334461559 46.04447482346379, 16.93919621584648 45.87438425811048, 18.0411679348272 45.70763714458889, 19.69662127790004 45.43766068650437, 21.06197913801275 45.18870831281684, 22.14652967679843 44.98550233843184, 22.9728389874466 44.81760105476383, 24.21679436527518 44.54871930106422, 25.07847119299447 44.3530257779924, 25.61945433050079 44.22240050905593, 27.09669054643166 43.86945268190333, 27.96859077184429 43.64867759463475, 27.6089087098424 42.91427607171355, 26.90415414081188 41.40674499449553, 26.23119844793702 39.89088683072912, 25.79281005116302 38.85742513844342, 25.15937833886617 37.32745539378871, 24.60782321023438 35.91697984027478, 24.12682168411589 34.65995553794733, 23.69547669440299 33.48586448424584, 23.26447084501703 32.26974575639981, 21.93771962779514 32.59736640219651, 20.61720731598966 32.90760933045772, 20.38639122031948 32.26692667976634, 19.56420468222143 32.47301341272738, 18.2080921891265 32.79995702514136, 16.63597483093452 33.15675496605559, 15.04583039593244 33.49010596857972, 13.46867305396488 33.80242022189355, 11.78865627996702 34.11762771456879, 10.10198645739054 34.40475932684974, 9.01378493902746 34.57526977602987, 8.728287480275119 33.80781071010245, 8.174463354403226 32.26454057758526, 7.346658308388547 32.47445746391359, 5.48900097684443 32.9147209085525, 3.594912710998026 33.32929471736243, 1.679561673218221 33.71894896552116, -0.256213475006078 34.08288220106373, -1.744083689584682 34.34057243249224, -3.43798101398678 34.6029479595267, -3.312138031931722 35.20050022128398, -2.96861379128801 36.75709370137025, -2.682010254826003 38.05579573474809, -2.350758514252345 39.51733579731436, -1.942069312500661 41.30092067756908, -1.553859522839208 42.94621606148156, -1.166995203885614 44.59251101422208, -0.7697718236173799 46.21844540418552, 0.288547363821689 46.08290644415141, 2.733419759721718 45.73636263672618, 4.815657039292408 45.39947037754385, 6.894775798282314 45.00948175187284, 8.154913571318612 44.75018471574041, 9.634245839133294 44.41952395308687, 10.93930058280774 44.12134691951508, 11.06940217936636 44.65704022384523, 11.28225456261711 45.55003941502519, 11.45216499930154 46.21538203826643, 12.56460056524387 46.07713899233252, 13.88709473239655 45.89816054555529, 14.2242948373943 45.84534235475158, 14.32257596557063 46.21655811716183))", "inserted": "2021-02-04T16:07:45.142Z", "updated": "2021-02-04T16:08:17.439Z"}}, {"model": "coverages.eoobject", "pk": 2, "fields": {"identifier": "MER_FRS_1PNPDE20060816_090929_000001972050_00222_23322_0058_uint16_reduced_compressed", "begin_time": "2006-08-16T09:09:29Z", "end_time": "2006-08-16T09:12:46Z", "footprint": "SRID=4326;MULTIPOLYGON (((14.32257596557063 46.21655811716183, 14.889221273108 46.15207603593248, 15.71416334461559 46.04447482346379, 16.93919621584648 45.87438425811048, 18.0411679348272 45.70763714458889, 19.69662127790004 45.43766068650437, 21.06197913801275 45.18870831281684, 22.14652967679843 44.98550233843184, 22.9728389874466 44.81760105476383, 24.21679436527518 44.54871930106422, 25.07847119299447 44.3530257779924, 25.61945433050079 44.22240050905593, 27.09669054643166 43.86945268190333, 27.96859077184429 43.64867759463475, 27.6089087098424 42.91427607171355, 26.90415414081188 41.40674499449553, 26.23119844793702 39.89088683072912, 25.79281005116302 38.85742513844342, 25.15937833886617 37.32745539378871, 24.60782321023438 35.91697984027478, 24.12682168411589 34.65995553794733, 23.69547669440299 33.48586448424584, 23.26447084501703 32.26974575639981, 21.93771962779514 32.59736640219651, 20.49034150643083 32.93741535339434, 18.72098517757934 33.3295022526031, 17.30723908831675 33.61599427628819, 16.11996944899975 33.85125930790031, 14.83709047224295 34.08615887690262, 13.6927083205932 34.28672805838662, 12.7023286093694 34.45020900412949, 11.6483443193291 34.61257554817076, 11.8189521244953 35.40430192695285, 12.06089216874379 36.49644381567186, 12.27368151615249 37.45661549875945, 12.46575222645154 38.33876789666317, 12.65848898558444 39.1796190543976, 12.86188599846601 40.08542606082882, 13.1257042366763 41.22475429892776, 13.24929785540379 41.77310106672596, 13.44209394801921 42.58703007421078, 13.64731130090046 43.45033848975987, 13.74919568370155 43.87974150618454, 13.90424434133882 44.51595975777852, 14.07617623435747 45.24715363280237, 14.21561993949206 45.81257656442776, 14.32257596557063 46.21655811716183)))", "inserted": "2021-02-04T16:07:47.796Z", "updated": "2021-02-04T16:07:47.796Z"}}, {"model": "coverages.eoobject", "pk": 3, "fields": {"identifier": "MER_FRS_1PNPDE20060822_092058_000001972050_00308_23408_0077_uint16_reduced_compressed", "begin_time": "2006-08-22T09:20:58Z", "end_time": "2006-08-22T09:24:15Z", "footprint": "SRID=4326;MULTIPOLYGON (((11.45216499930154 46.21538203826643, 12.56460056524387 46.07713899233252, 13.88709473239655 45.89816054555529, 15.27428923693798 45.68087382785627, 16.73263457380611 45.44978576355449, 18.91093599972647 45.05191679046387, 20.40860552393306 44.74801169950303, 21.96696659827764 44.41194128767518, 23.51904328524226 44.04201602215931, 25.09349524830671 43.64372208846083, 24.69762334871068 42.82058014584347, 24.09572551417862 41.52681585719382, 23.44873586198113 40.08086776323874, 22.98946525457247 39.02515181830724, 22.50232224402901 37.85145204973027, 22.01522231099019 36.64248172093542, 21.49885247842534 35.30701482357061, 20.94415866775533 33.81513728290902, 20.38639122031948 32.26692667976634, 19.56420468222143 32.47301341272738, 18.2080921891265 32.79995702514136, 16.63597483093452 33.15675496605559, 15.04583039593244 33.49010596857972, 13.46867305396488 33.80242022189355, 11.78865627996702 34.11762771456879, 10.10198645739054 34.40475932684974, 8.778925655898064 34.61206991018219, 9.065762626406386 35.93773536210887, 9.314689072633191 37.04263450498039, 9.571219329906695 38.21169286827537, 9.910891562982675 39.70883235016088, 10.25693665372459 41.23523865932673, 10.57063808257736 42.57173906512232, 10.80473516394502 43.56727382751684, 11.06940217936636 44.65704022384523, 11.28225456261711 45.55003941502519, 11.45216499930154 46.21538203826643)))", "inserted": "2021-02-04T16:07:50.485Z", "updated": "2021-02-04T16:07:50.485Z"}}, {"model": "coverages.eoobject", "pk": 4, "fields": {"identifier": "MER_FRS_1PNPDE20060830_100949_000001972050_00423_23523_0079_uint16_reduced_compressed", "begin_time": "2006-08-30T10:09:49Z", "end_time": "2006-08-30T10:13:06Z", "footprint": "SRID=4326;MULTIPOLYGON (((-0.7697718236173799 46.21844540418552, 0.288547363821689 46.08290644415141, 2.733419759721718 45.73636263672618, 4.815657039292408 45.39947037754385, 6.894775798282314 45.00948175187284, 8.154913571318612 44.75018471574041, 9.634245839133294 44.41952395308687, 11.00618247148604 44.10606584164272, 12.27883282764158 43.79980935386448, 12.87473445741455 43.64035642239579, 12.22874811272635 42.2970241539363, 11.42842470078386 40.54055904761669, 10.66098787948851 38.74418401722271, 9.927539260629768 36.9630879853842, 9.239587579469651 35.18226041011476, 8.728287480275119 33.80781071010245, 8.174463354403226 32.26454057758526, 7.346658308388547 32.47445746391359, 5.48900097684443 32.9147209085525, 3.594912710998026 33.32929471736243, 1.679561673218221 33.71894896552116, -0.256213475006078 34.08288220106373, -1.744083689584682 34.34057243249224, -3.43798101398678 34.6029479595267, -3.312138031931722 35.20050022128398, -2.96861379128801 36.75709370137025, -2.682010254826003 38.05579573474809, -2.350758514252345 39.51733579731436, -1.942069312500661 41.30092067756908, -1.553859522839208 42.94621606148156, -1.166995203885614 44.59251101422208, -0.7697718236173799 46.21844540418552)))", "inserted": "2021-02-04T16:07:53.150Z", "updated": "2021-02-04T16:07:53.150Z"}}, {"model": "coverages.eoobject", "pk": 5, "fields": {"identifier": "coverage_MER_FRS_1PNPDE20060816_090929_000001972050_00222_23322_0058_uint16_reduced_compressed", "begin_time": "2006-08-16T09:09:29Z", "end_time": "2006-08-16T09:12:46Z", "footprint": "SRID=4326;MULTIPOLYGON (((14.32257596557063 46.21655811716183, 14.889221273108 46.15207603593248, 15.71416334461559 46.04447482346379, 16.93919621584648 45.87438425811048, 18.0411679348272 45.70763714458889, 19.69662127790004 45.43766068650437, 21.06197913801275 45.18870831281684, 22.14652967679843 44.98550233843184, 22.9728389874466 44.81760105476383, 24.21679436527518 44.54871930106422, 25.07847119299447 44.3530257779924, 25.61945433050079 44.22240050905593, 27.09669054643166 43.86945268190333, 27.96859077184429 43.64867759463475, 27.6089087098424 42.91427607171355, 26.90415414081188 41.40674499449553, 26.23119844793702 39.89088683072912, 25.79281005116302 38.85742513844342, 25.15937833886617 37.32745539378871, 24.60782321023438 35.91697984027478, 24.12682168411589 34.65995553794733, 23.69547669440299 33.48586448424584, 23.26447084501703 32.26974575639981, 21.93771962779514 32.59736640219651, 20.49034150643083 32.93741535339434, 18.72098517757934 33.3295022526031, 17.30723908831675 33.61599427628819, 16.11996944899975 33.85125930790031, 14.83709047224295 34.08615887690262, 13.6927083205932 34.28672805838662, 12.7023286093694 34.45020900412949, 11.6483443193291 34.61257554817076, 11.8189521244953 35.40430192695285, 12.06089216874379 36.49644381567186, 12.27368151615249 37.45661549875945, 12.46575222645154 38.33876789666317, 12.65848898558444 39.1796190543976, 12.86188599846601 40.08542606082882, 13.1257042366763 41.22475429892776, 13.24929785540379 41.77310106672596, 13.44209394801921 42.58703007421078, 13.64731130090046 43.45033848975987, 13.74919568370155 43.87974150618454, 13.90424434133882 44.51595975777852, 14.07617623435747 45.24715363280237, 14.21561993949206 45.81257656442776, 14.32257596557063 46.21655811716183)))", "inserted": "2021-02-04T16:08:03.736Z", "updated": "2021-02-04T16:08:03.736Z"}}, {"model": "coverages.eoobject", "pk": 6, "fields": {"identifier": "coverage_MER_FRS_1PNPDE20060822_092058_000001972050_00308_23408_0077_uint16_reduced_compressed", "begin_time": "2006-08-22T09:20:58Z", "end_time": "2006-08-22T09:24:15Z", "footprint": "SRID=4326;MULTIPOLYGON (((11.45216499930154 46.21538203826643, 12.56460056524387 46.07713899233252, 13.88709473239655 45.89816054555529, 15.27428923693798 45.68087382785627, 16.73263457380611 45.44978576355449, 18.91093599972647 45.05191679046387, 20.40860552393306 44.74801169950303, 21.96696659827764 44.41194128767518, 23.51904328524226 44.04201602215931, 25.09349524830671 43.64372208846083, 24.69762334871068 42.82058014584347, 24.09572551417862 41.52681585719382, 23.44873586198113 40.08086776323874, 22.98946525457247 39.02515181830724, 22.50232224402901 37.85145204973027, 22.01522231099019 36.64248172093542, 21.49885247842534 35.30701482357061, 20.94415866775533 33.81513728290902, 20.38639122031948 32.26692667976634, 19.56420468222143 32.47301341272738, 18.2080921891265 32.79995702514136, 16.63597483093452 33.15675496605559, 15.04583039593244 33.49010596857972, 13.46867305396488 33.80242022189355, 11.78865627996702 34.11762771456879, 10.10198645739054 34.40475932684974, 8.778925655898064 34.61206991018219, 9.065762626406386 35.93773536210887, 9.314689072633191 37.04263450498039, 9.571219329906695 38.21169286827537, 9.910891562982675 39.70883235016088, 10.25693665372459 41.23523865932673, 10.57063808257736 42.57173906512232, 10.80473516394502 43.56727382751684, 11.06940217936636 44.65704022384523, 11.28225456261711 45.55003941502519, 11.45216499930154 46.21538203826643)))", "inserted": "2021-02-04T16:08:06.761Z", "updated": "2021-02-04T16:08:06.762Z"}}, {"model": "coverages.eoobject", "pk": 7, "fields": {"identifier": "coverage_MER_FRS_1PNPDE20060830_100949_000001972050_00423_23523_0079_uint16_reduced_compressed", "begin_time": "2006-08-30T10:09:49Z", "end_time": "2006-08-30T10:13:06Z", "footprint": "SRID=4326;MULTIPOLYGON (((-0.7697718236173799 46.21844540418552, 0.288547363821689 46.08290644415141, 2.733419759721718 45.73636263672618, 4.815657039292408 45.39947037754385, 6.894775798282314 45.00948175187284, 8.154913571318612 44.75018471574041, 9.634245839133294 44.41952395308687, 11.00618247148604 44.10606584164272, 12.27883282764158 43.79980935386448, 12.87473445741455 43.64035642239579, 12.22874811272635 42.2970241539363, 11.42842470078386 40.54055904761669, 10.66098787948851 38.74418401722271, 9.927539260629768 36.9630879853842, 9.239587579469651 35.18226041011476, 8.728287480275119 33.80781071010245, 8.174463354403226 32.26454057758526, 7.346658308388547 32.47445746391359, 5.48900097684443 32.9147209085525, 3.594912710998026 33.32929471736243, 1.679561673218221 33.71894896552116, -0.256213475006078 34.08288220106373, -1.744083689584682 34.34057243249224, -3.43798101398678 34.6029479595267, -3.312138031931722 35.20050022128398, -2.96861379128801 36.75709370137025, -2.682010254826003 38.05579573474809, -2.350758514252345 39.51733579731436, -1.942069312500661 41.30092067756908, -1.553859522839208 42.94621606148156, -1.166995203885614 44.59251101422208, -0.7697718236173799 46.21844540418552)))", "inserted": "2021-02-04T16:08:09.557Z", "updated": "2021-02-04T16:08:09.557Z"}}, {"model": "coverages.collection", "pk": 1, "fields": {"collection_type": 1, "grid": null}}, {"model": "coverages.product", "pk": 2, "fields": {"product_type": 1, "package": null, "collections": [1]}}, {"model": "coverages.product", "pk": 3, "fields": {"product_type": 1, "package": null, "collections": [1]}}, {"model": "coverages.product", "pk": 4, "fields": {"product_type": 1, "package": null, "collections": [1]}}, {"model": "coverages.coverage", "pk": 5, "fields": {"grid": 1, "axis_1_origin": "11.361065864562988", "axis_2_origin": "46.25202560424805", "axis_3_origin": null, "axis_4_origin": null, "axis_1_size": 539, "axis_2_size": 448, "axis_3_size": null, "axis_4_size": null, "coverage_type": 1, "parent_product": 2, "collections": [], "mosaics": []}}, {"model": "coverages.coverage", "pk": 6, "fields": {"grid": 2, "axis_1_origin": "8.48775577545166", "axis_2_origin": "46.24910354614258", "axis_3_origin": null, "axis_4_origin": null, "axis_1_size": 539, "axis_2_size": 448, "axis_3_size": null, "axis_4_size": null, "coverage_type": 1, "parent_product": 3, "collections": [], "mosaics": []}}, {"model": "coverages.coverage", "pk": 7, "fields": {"grid": 3, "axis_1_origin": "-3.727268695831299", "axis_2_origin": "46.24582290649414", "axis_3_origin": null, "axis_4_origin": null, "axis_1_size": 539, "axis_2_size": 448, "axis_3_size": null, "axis_4_size": null, "coverage_type": 1, "parent_product": 4, "collections": [], "mosaics": []}}, {"model": "coverages.metadataitem", "pk": 1, "fields": {"storage": null, "location": "autotest/data/meris/MER_FRS_1P_reduced/ENVISAT-MER_FRS_1PNPDE20060816_090929_000001972050_00222_23322_0058_uint16_reduced_compressed.xml", "format": null, "eo_object": 2, "semantic": null}}, {"model": "coverages.metadataitem", "pk": 2, "fields": {"storage": null, "location": "autotest/data/meris/MER_FRS_1P_reduced/ENVISAT-MER_FRS_1PNPDE20060822_092058_000001972050_00308_23408_0077_uint16_reduced_compressed.xml", "format": null, "eo_object": 3, "semantic": null}}, {"model": "coverages.metadataitem", "pk": 3, "fields": {"storage": null, "location": "autotest/data/meris/MER_FRS_1P_reduced/ENVISAT-MER_FRS_1PNPDE20060830_100949_000001972050_00423_23523_0079_uint16_reduced_compressed.xml", "format": null, "eo_object": 4, "semantic": null}}, {"model": "coverages.metadataitem", "pk": 4, "fields": {"storage": null, "location": "autotest/data/meris/MER_FRS_1P_reduced/ENVISAT-MER_FRS_1PNPDE20060816_090929_000001972050_00222_23322_0058_uint16_reduced_compressed.xml", "format": "eogml", "eo_object": 5, "semantic": null}}, {"model": "coverages.metadataitem", "pk": 5, "fields": {"storage": null, "location": "autotest/data/meris/MER_FRS_1P_reduced/ENVISAT-MER_FRS_1PNPDE20060822_092058_000001972050_00308_23408_0077_uint16_reduced_compressed.xml", "format": "eogml", "eo_object": 6, "semantic": null}}, {"model": "coverages.metadataitem", "pk": 6, "fields": {"storage": null, "location": "autotest/data/meris/MER_FRS_1P_reduced/ENVISAT-MER_FRS_1PNPDE20060830_100949_000001972050_00423_23523_0079_uint16_reduced_compressed.xml", "format": "eogml", "eo_object": 7, "semantic": null}}, {"model": "coverages.browse", "pk": 1, "fields": {"storage": null, "location": "autotest/data/meris/mosaic_MER_FRS_1P_reduced_RGB/mosaic_ENVISAT-MER_FRS_1PNPDE20060816_090929_000001972050_00222_23322_0058_RGB_reduced.tif", "format": null, "product": 2, "browse_type": null, "style": null, "coordinate_reference_system": "GEOGCS[\"WGS 84\",DATUM[\"WGS_1984\",SPHEROID[\"WGS 84\",6378137,298.257223563,AUTHORITY[\"EPSG\",\"7030\"]],AUTHORITY[\"EPSG\",\"6326\"]],PRIMEM[\"Greenwich\",0],UNIT[\"degree\",0.0174532925199433,AUTHORITY[\"EPSG\",\"9122\"]],AXIS[\"Latitude\",NORTH],AXIS[\"Longitude\",EAST],AUTHORITY[\"EPSG\",\"4326\"]]", "min_x": 11.331755, "min_y": 32.19025, "max_x": 28.29481, "max_y": 46.268645, "width": 541, "height": 449}}, {"model": "coverages.browse", "pk": 2, "fields": {"storage": null, "location": "autotest/data/meris/mosaic_MER_FRS_1P_reduced_RGB/mosaic_ENVISAT-MER_FRS_1PNPDE20060822_092058_000001972050_00308_23408_0077_RGB_reduced.tif", "format": null, "product": 3, "browse_type": null, "style": null, "coordinate_reference_system": "GEOGCS[\"WGS 84\",DATUM[\"WGS_1984\",SPHEROID[\"WGS 84\",6378137,298.257223563,AUTHORITY[\"EPSG\",\"7030\"]],AUTHORITY[\"EPSG\",\"6326\"]],PRIMEM[\"Greenwich\",0],UNIT[\"degree\",0.0174532925199433,AUTHORITY[\"EPSG\",\"9122\"]],AXIS[\"Latitude\",NORTH],AXIS[\"Longitude\",EAST],AUTHORITY[\"EPSG\",\"4326\"]]", "min_x": 8.47845, "min_y": 32.19025, "max_x": 25.41015, "max_y": 46.268645, "width": 540, "height": 449}}, {"model": "coverages.browse", "pk": 3, "fields": {"storage": null, "location": "autotest/data/meris/mosaic_MER_FRS_1P_reduced_RGB/mosaic_ENVISAT-MER_FRS_1PNPDE20060830_100949_000001972050_00423_23523_0079_RGB_reduced.tif", "format": null, "product": 4, "browse_type": null, "style": null, "coordinate_reference_system": "GEOGCS[\"WGS 84\",DATUM[\"WGS_1984\",SPHEROID[\"WGS 84\",6378137,298.257223563,AUTHORITY[\"EPSG\",\"7030\"]],AUTHORITY[\"EPSG\",\"6326\"]],PRIMEM[\"Greenwich\",0],UNIT[\"degree\",0.0174532925199433,AUTHORITY[\"EPSG\",\"9122\"]],AXIS[\"Latitude\",NORTH],AXIS[\"Longitude\",EAST],AUTHORITY[\"EPSG\",\"4326\"]]", "min_x": -3.75, "min_y": 32.19025, "max_x": 13.213055, "max_y": 46.268645, "width": 541, "height": 449}}, {"model": "coverages.arraydataitem", "pk": 1, "fields": {"storage": null, "location": "autotest/data/meris/MER_FRS_1P_reduced/ENVISAT-MER_FRS_1PNPDE20060816_090929_000001972050_00222_23322_0058_uint16_reduced_compressed.tif", "format": "image/tiff", "coverage": 5, "field_index": 0, "band_count": 15, "subdataset_type": null, "subdataset_locator": null, "bands_interpretation": 0}}, {"model": "coverages.arraydataitem", "pk": 2, "fields": {"storage": null, "location": "autotest/data/meris/MER_FRS_1P_reduced/ENVISAT-MER_FRS_1PNPDE20060822_092058_000001972050_00308_23408_0077_uint16_reduced_compressed.tif", "format": "image/tiff", "coverage": 6, "field_index": 0, "band_count": 15, "subdataset_type": null, "subdataset_locator": null, "bands_interpretation": 0}}, {"model": "coverages.arraydataitem", "pk": 3, "fields": {"storage": null, "location": "autotest/data/meris/MER_FRS_1P_reduced/ENVISAT-MER_FRS_1PNPDE20060830_100949_000001972050_00423_23523_0079_uint16_reduced_compressed.tif", "format": "image/tiff", "coverage": 7, "field_index": 0, "band_count": 15, "subdataset_type": null, "subdataset_locator": null, "bands_interpretation": 0}}, {"model": "coverages.productmetadata", "pk": 1, "fields": {"product": 2, "parent_identifier": null, "production_status": null, "acquisition_type": null, "orbit_number": null, "orbit_direction": null, "track": null, "frame": null, "swath_identifier": null, "product_version": null, "product_quality_status": null, "product_quality_degradation_tag": null, "processor_name": null, "processing_center": null, "creation_date": null, "modification_date": null, "processing_date": null, "sensor_mode": null, "archiving_center": null, "processing_mode": null, "availability_time": null, "acquisition_station": null, "acquisition_sub_type": null, "start_time_from_ascending_node": null, "completion_time_from_ascending_node": null, "illumination_azimuth_angle": null, "illumination_zenith_angle": null, "illumination_elevation_angle": null, "polarisation_mode": null, "polarization_channels": null, "antenna_look_direction": null, "minimum_incidence_angle": null, "maximum_incidence_angle": null, "across_track_incidence_angle": null, "along_track_incidence_angle": null, "doppler_frequency": null, "incidence_angle_variation": null, "cloud_cover": null, "snow_cover": null, "lowest_location": null, "highest_location": null}}, {"model": "coverages.productmetadata", "pk": 2, "fields": {"product": 3, "parent_identifier": null, "production_status": null, "acquisition_type": null, "orbit_number": null, "orbit_direction": null, "track": null, "frame": null, "swath_identifier": null, "product_version": null, "product_quality_status": null, "product_quality_degradation_tag": null, "processor_name": null, "processing_center": null, "creation_date": null, "modification_date": null, "processing_date": null, "sensor_mode": null, "archiving_center": null, "processing_mode": null, "availability_time": null, "acquisition_station": null, "acquisition_sub_type": null, "start_time_from_ascending_node": null, "completion_time_from_ascending_node": null, "illumination_azimuth_angle": null, "illumination_zenith_angle": null, "illumination_elevation_angle": null, "polarisation_mode": null, "polarization_channels": null, "antenna_look_direction": null, "minimum_incidence_angle": null, "maximum_incidence_angle": null, "across_track_incidence_angle": null, "along_track_incidence_angle": null, "doppler_frequency": null, "incidence_angle_variation": null, "cloud_cover": null, "snow_cover": null, "lowest_location": null, "highest_location": null}}, {"model": "coverages.productmetadata", "pk": 3, "fields": {"product": 4, "parent_identifier": null, "production_status": null, "acquisition_type": null, "orbit_number": null, "orbit_direction": null, "track": null, "frame": null, "swath_identifier": null, "product_version": null, "product_quality_status": null, "product_quality_degradation_tag": null, "processor_name": null, "processing_center": null, "creation_date": null, "modification_date": null, "processing_date": null, "sensor_mode": null, "archiving_center": null, "processing_mode": null, "availability_time": null, "acquisition_station": null, "acquisition_sub_type": null, "start_time_from_ascending_node": null, "completion_time_from_ascending_node": null, "illumination_azimuth_angle": null, "illumination_zenith_angle": null, "illumination_elevation_angle": null, "polarisation_mode": null, "polarization_channels": null, "antenna_look_direction": null, "minimum_incidence_angle": null, "maximum_incidence_angle": null, "across_track_incidence_angle": null, "along_track_incidence_angle": null, "doppler_frequency": null, "incidence_angle_variation": null, "cloud_cover": null, "snow_cover": null, "lowest_location": null, "highest_location": null}}]