<soap12:Envelope xmlns:soap12="http://www.w3.org/2003/05/soap-envelope" xsi:schemaLocation="http://www.w3.org/2003/05/soap-envelope http://www.w3.org/2003/05/soap-envelope/soap-envelope.xsd
http://www.opengis.net/sps/2.0 http://schemas.opengis.net/sps/2.0/sps.xsd" xmlns:sps="http://www.opengis.net/sps/2.0" xmlns:wsa="http://www.w3.org/2005/08/addressing" xmlns:xsi="http://www.w3.org/2001/XMLSchema-instance">
  <soap12:Header>
    <wsa:To>http://www.ogc.org/SPS</wsa:To>
    <wsa:Action>http://www.opengis.net/sps/2.0/GetCapabilities</wsa:Action>
    <wsa:ReplyTo>
      <wsa:Address>http://my.client.com/client/myReceiver</wsa:Address>
    </wsa:ReplyTo>
    <wsa:MessageID>http://my.client.com/uid/msg-0010</wsa:MessageID>
  </soap12:Header>
  <soap12:Body>
    <sps:GetCapabilities/>
  </soap12:Body>
</soap12:Envelope>
