<?xml version="1.0" encoding="UTF-8"?>
<wcs:CoverageDescriptions
    xmlns:xsi='http://www.w3.org/2001/XMLSchema-instance'
    xmlns='http://www.opengis.net/gml/3.2'
    xmlns:gml='http://www.opengis.net/gml/3.2'
    xmlns:gmlcov='http://www.opengis.net/gmlcov/1.0'
    xmlns:swe='http://www.opengis.net/swe/2.0'
    xsi:schemaLocation='http://www.opengis.net/swe/2.0 http://schemas.opengis.net/sweCommon/2.0/swe.xsd http://www.opengis.net/wcs/2.0 ../../wcsAll.xsd'
    xmlns:wcs='http://www.opengis.net/wcs/2.0'>
    <wcs:CoverageDescription gml:id="CD0003">
        <gml:boundedBy>
            <gml:Envelope srsName="http://www.opengis.net/def/crs/EPSG/0/4326" axisLabels="Lat Long" srsDimension="2">
                <gml:lowerCorner>1.1 1.1</gml:lowerCorner>
                <gml:upperCorner>5.5 5.5</gml:upperCorner>
            </gml:Envelope>
        </gml:boundedBy>
        <wcs:CoverageId>C0003</wcs:CoverageId>
        <gml:domainSet>
            <gml:MultiCurve gml:id="mc0001_C0003" srsName="http://www.opengis.net/def/crs/EPSG/0/4326"/>
        </gml:domainSet>
        <gmlcov:rangeType>
            <swe:DataRecord>
                <swe:field name="Temperature">
                    <swe:Quantity definition="http://www.opengis.net/def/property/OGC/0/Temperature">
                        <gml:description>Temperature</gml:description>
                        <gml:name>Temp</gml:name>
                        <swe:uom code="Cel"/>
                        <swe:constraint>
                            <swe:AllowedValues>
                                <swe:interval>0 100</swe:interval>
                            </swe:AllowedValues>
                        </swe:constraint>
                    </swe:Quantity>
                </swe:field>
                <swe:field name="Pressure">
                    <swe:Quantity definition="http://www.opengis.net/def/property/OGC/0/Pressure">
                        <gml:description>pressure</gml:description>
                        <gml:name>press</gml:name>
                        <swe:uom code="HPa"/>
                    </swe:Quantity>
                </swe:field>
            </swe:DataRecord>
        </gmlcov:rangeType>
        <wcs:ServiceParameters>
            <wcs:CoverageSubtype>MultiCurveCoverage</wcs:CoverageSubtype>
        </wcs:ServiceParameters>
    </wcs:CoverageDescription>
</wcs:CoverageDescriptions>
