<?xml version="1.0" encoding="UTF-8"?>
<!-- 
  External Code List enumerating the values for the attribute AuxiliaryTrafficAreaFunctionType.
  City GML Version No. 1.0.0, January 14th, 2008.
  Compiled by Sandra Schlueter, Joachim Benner, Frank Bildstein, Ruediger Drees,
  Andreas Kohlhaas and Mark Pendlington, 01/14/08

  The lists of the values have to be completed.  
  The dictionary concept of GML 3 is used to represent the values in this file.
  For each of the attributes listed above, the list of all possible values is
  given below.
  The values are represented by a specific code, given by the name qualified
  by the codeSpace="urn:d_nrw_sig3d". The corresponding attribute is given
  by the corresponding name of the definitionMember without codeSpace.
  This is according to the approach in  the german cadastre standard ALKIS.
  The IDs cannot be used to reference attribute values, since they must be
  unique globally (thus, for example. the roof type and the building function
  cannot have the same value 3002) and since IDs are restricted syntactically, 
  e.g. they must start with a character.
  However, the intended use of names is to reflect the different terms of a
  specific notion in different communities, not to reference a entry or value.
  In GML3,IDs are usually used to reference a value (IDs are mandatory in 
  dictionary entries). It has to be clarified finally whether to use names or
  IDs for referencing values.

  The GML IDs are not used. Since they are mandatory, they are generated
  automatically (as sequence of consecuting natural numbers, preceded by the
  prefix ID_). In ALKIS this is prevented by redefining the dictionary concept,
  with a non-mandatory GML ID.
 -->
<gml:Dictionary
        xmlns="http://www.opengis.net/gml"
        xmlns:gml="http://www.opengis.net/gml"
        xmlns:xsi="http://www.w3.org/2001/XMLSchema-instance"
        xsi:schemaLocation="http://www.opengis.net/gml http://schemas.opengis.net/gml/3.1.1/profiles/SimpleDictionary/1.0.0/gmlSimpleDictionaryProfile.xsd" gml:id="AuxiliaryTrafficAreaFunctionType">
  <name>AuxiliaryTrafficAreaFunctionType</name>
  <dictionaryEntry>
    <gml:Definition gml:id="id1304">
      <gml:description></gml:description>
      <gml:name codeSpace="urn:d_nrw_sig3d">1000</gml:name>
      <gml:name>soft shoulder</gml:name>
    </gml:Definition>
  </dictionaryEntry>
  <dictionaryEntry>
    <gml:Definition gml:id="id1305">
      <gml:description></gml:description>
      <gml:name codeSpace="urn:d_nrw_sig3d">1010</gml:name>
      <gml:name>hard shoulder</gml:name>
    </gml:Definition>
  </dictionaryEntry>
  <dictionaryEntry>
    <gml:Definition gml:id="id1306">
      <gml:description></gml:description>
      <gml:name codeSpace="urn:d_nrw_sig3d">1020</gml:name>
      <gml:name>green area</gml:name>
    </gml:Definition>
  </dictionaryEntry>
  <dictionaryEntry>
    <gml:Definition gml:id="id1307">
      <gml:description></gml:description>
      <gml:name codeSpace="urn:d_nrw_sig3d">1030</gml:name>
      <gml:name>middle lane</gml:name>
    </gml:Definition>
  </dictionaryEntry>
  <dictionaryEntry>
    <gml:Definition gml:id="id1308">
      <gml:description></gml:description>
      <gml:name codeSpace="urn:d_nrw_sig3d">1040</gml:name>
      <gml:name>lay by</gml:name>
    </gml:Definition>
  </dictionaryEntry>
  <dictionaryEntry>
    <gml:Definition gml:id="id1309">
      <gml:description></gml:description>
      <gml:name codeSpace="urn:d_nrw_sig3d">1100</gml:name>
      <gml:name>parking bay</gml:name>
    </gml:Definition>
  </dictionaryEntry>
  <dictionaryEntry>
    <gml:Definition gml:id="id1310">
      <gml:description></gml:description>
      <gml:name codeSpace="urn:d_nrw_sig3d">1200</gml:name>
      <gml:name>ditch</gml:name>
    </gml:Definition>
  </dictionaryEntry>
  <dictionaryEntry>
    <gml:Definition gml:id="id1311">
      <gml:description></gml:description>
      <gml:name codeSpace="urn:d_nrw_sig3d">1210</gml:name>
      <gml:name>drainage</gml:name>
    </gml:Definition>
  </dictionaryEntry>
  <dictionaryEntry>
    <gml:Definition gml:id="id1312">
      <gml:description></gml:description>
      <gml:name codeSpace="urn:d_nrw_sig3d">1220</gml:name>
      <gml:name>kerbstone</gml:name>
    </gml:Definition>
  </dictionaryEntry>
  <dictionaryEntry>
    <gml:Definition gml:id="id1313">
      <gml:description></gml:description>
      <gml:name codeSpace="urn:d_nrw_sig3d">1230</gml:name>
      <gml:name>flower tub</gml:name>
    </gml:Definition>
  </dictionaryEntry>
  <dictionaryEntry>
    <gml:Definition gml:id="id1314">
      <gml:description></gml:description>
      <gml:name codeSpace="urn:d_nrw_sig3d">1300</gml:name>
      <gml:name>traffic island</gml:name>
    </gml:Definition>
  </dictionaryEntry>
  <dictionaryEntry>
    <gml:Definition gml:id="id1315">
      <gml:description></gml:description>
      <gml:name codeSpace="urn:d_nrw_sig3d">1400</gml:name>
      <gml:name>bank</gml:name>
    </gml:Definition>
  </dictionaryEntry>
  <dictionaryEntry>
    <gml:Definition gml:id="id1316">
      <gml:description></gml:description>
      <gml:name codeSpace="urn:d_nrw_sig3d">1410</gml:name>
      <gml:name>embankment,  dike</gml:name>
    </gml:Definition>
  </dictionaryEntry>
  <dictionaryEntry>
    <gml:Definition gml:id="id1317">
      <gml:description></gml:description>
      <gml:name codeSpace="urn:d_nrw_sig3d">1420</gml:name>
      <gml:name>railroad embankment</gml:name>
    </gml:Definition>
  </dictionaryEntry>
  <dictionaryEntry>
    <gml:Definition gml:id="id1318">
      <gml:description></gml:description>
      <gml:name codeSpace="urn:d_nrw_sig3d">1430</gml:name>
      <gml:name>noise protection</gml:name>
    </gml:Definition>
  </dictionaryEntry>
  <dictionaryEntry>
    <gml:Definition gml:id="id1319">
      <gml:description></gml:description>
      <gml:name codeSpace="urn:d_nrw_sig3d">1440</gml:name>
      <gml:name>noise protection wall</gml:name>
    </gml:Definition>
  </dictionaryEntry>
  <dictionaryEntry>
    <gml:Definition gml:id="id1320">
      <gml:description></gml:description>
      <gml:name codeSpace="urn:d_nrw_sig3d">1500</gml:name>
      <gml:name>noise guard bar</gml:name>
    </gml:Definition>
  </dictionaryEntry>
  <dictionaryEntry>
    <gml:Definition gml:id="id1321">
      <gml:description></gml:description>
      <gml:name codeSpace="urn:d_nrw_sig3d">1600</gml:name>
      <gml:name>towpath</gml:name>
    </gml:Definition>
  </dictionaryEntry>
  <dictionaryEntry>
    <gml:Definition gml:id="id1322">
      <gml:description></gml:description>
      <gml:name codeSpace="urn:d_nrw_sig3d">1700</gml:name>
      <gml:name>others</gml:name>
    </gml:Definition>
  </dictionaryEntry>
</gml:Dictionary>
