<?xml version="1.0" encoding="UTF-8"?>
<!-- 
  External Code List enumerating the values for the attribute CityFurnitureFunctionType.
  City GML Version No. 1.0.0, January 14th, 2008.
  Compiled by Sandra Schlueter, Joachim Benner, Frank Bildstein, Ruediger Drees,
  Andreas Kohlhaas and Mark Pendlington, 07/11/07

  The lists of the values have to be completed.  
  The dictionary concept of GML 3 is used to represent the values in this file.
  For each of the attributes listed above, the list of all possible values is
  given below.
  The values are represented by a specific code, given by the name qualified
  by the codeSpace="urn:d_nrw_sig3d". The corresponding attribute is given
  by the corresponding name of the definitionMember without codeSpace.
  This is according to the approach in  the german cadastre standard ALKIS.
  The IDs cannot be used to reference attribute values, since they must be
  unique globally (thus, for example. the roof type and the building function
  cannot have the same value 3002) and since IDs are restricted syntactically, 
  e.g. they must start with a character.
  However, the intended use of names is to reflect the different terms of a
  specific notion in different communities, not to reference a entry or value.
  In GML3,IDs are usually used to reference a value (IDs are mandatory in 
  dictionary entries). It has to be clarified finally whether to use names or
  IDs for referencing values.

  The GML IDs are not used. Since they are mandatory, they are generated
  automatically (as sequence of consecuting natural numbers, preceded by the
  prefix ID_). In ALKIS this is prevented by redefining the dictionary concept,
  with a non-mandatory GML ID.
 -->
<gml:Dictionary
        xmlns="http://www.opengis.net/gml"
        xmlns:gml="http://www.opengis.net/gml"
        xmlns:xsi="http://www.w3.org/2001/XMLSchema-instance"
        xsi:schemaLocation="http://www.opengis.net/gml http://schemas.opengis.net/gml/3.1.1/profiles/SimpleDictionary/1.0.0/gmlSimpleDictionaryProfile.xsd" gml:id="CityFurnitureFunctionType">
  <name>CityFurnitureFunctionType</name>
  <dictionaryEntry>
    <gml:Definition gml:id="id1078">
      <gml:description></gml:description>
      <gml:name codeSpace="urn:d_nrw_sig3d">1000</gml:name>
      <gml:name>communication fixture</gml:name>
    </gml:Definition>
  </dictionaryEntry>
  <dictionaryEntry>
    <gml:Definition gml:id="id1079">
      <gml:description></gml:description>
      <gml:name codeSpace="urn:d_nrw_sig3d">1010</gml:name>
      <gml:name>telephone box</gml:name>
    </gml:Definition>
  </dictionaryEntry>
  <dictionaryEntry>
    <gml:Definition gml:id="id1080">
      <gml:description></gml:description>
      <gml:name codeSpace="urn:d_nrw_sig3d">1020</gml:name>
      <gml:name>postbox</gml:name>
    </gml:Definition>
  </dictionaryEntry>
  <dictionaryEntry>
    <gml:Definition gml:id="id1081">
      <gml:description></gml:description>
      <gml:name codeSpace="urn:d_nrw_sig3d">1030</gml:name>
      <gml:name>emergency call fixture</gml:name>
    </gml:Definition>
  </dictionaryEntry>
  <dictionaryEntry>
    <gml:Definition gml:id="id1082">
      <gml:description></gml:description>
      <gml:name codeSpace="urn:d_nrw_sig3d">1040</gml:name>
      <gml:name>fire detector</gml:name>
    </gml:Definition>
  </dictionaryEntry>
  <dictionaryEntry>
    <gml:Definition gml:id="id1083">
      <gml:description></gml:description>
      <gml:name codeSpace="urn:d_nrw_sig3d">1050</gml:name>
      <gml:name>police call post</gml:name>
    </gml:Definition>
  </dictionaryEntry>
  <dictionaryEntry>
    <gml:Definition gml:id="id1084">
      <gml:description></gml:description>
      <gml:name codeSpace="urn:d_nrw_sig3d">1060</gml:name>
      <gml:name>switching unit</gml:name>
    </gml:Definition>
  </dictionaryEntry>
  <dictionaryEntry>
    <gml:Definition gml:id="id1085">
      <gml:description></gml:description>
      <gml:name codeSpace="urn:d_nrw_sig3d">1070</gml:name>
      <gml:name>road sign</gml:name>
    </gml:Definition>
  </dictionaryEntry>
  <dictionaryEntry>
    <gml:Definition gml:id="id1086">
      <gml:description></gml:description>
      <gml:name codeSpace="urn:d_nrw_sig3d">1080</gml:name>
      <gml:name>traffic light</gml:name>
    </gml:Definition>
  </dictionaryEntry>
  <dictionaryEntry>
    <gml:Definition gml:id="id1087">
      <gml:description></gml:description>
      <gml:name codeSpace="urn:d_nrw_sig3d">1090</gml:name>
      <gml:name>free-standing sign</gml:name>
    </gml:Definition>
  </dictionaryEntry>
  <dictionaryEntry>
    <gml:Definition gml:id="id1088">
      <gml:description></gml:description>
      <gml:name codeSpace="urn:d_nrw_sig3d">1100</gml:name>
      <gml:name>free-standing warning sign</gml:name>
    </gml:Definition>
  </dictionaryEntry>
  <dictionaryEntry>
    <gml:Definition gml:id="id1089">
      <gml:description></gml:description>
      <gml:name codeSpace="urn:d_nrw_sig3d">1110</gml:name>
      <gml:name>bus stop</gml:name>
    </gml:Definition>
  </dictionaryEntry>
  <dictionaryEntry>
    <gml:Definition gml:id="id1090">
      <gml:description></gml:description>
      <gml:name codeSpace="urn:d_nrw_sig3d">1120</gml:name>
      <gml:name>milestone</gml:name>
    </gml:Definition>
  </dictionaryEntry>
  <dictionaryEntry>
    <gml:Definition gml:id="id1091">
      <gml:description></gml:description>
      <gml:name codeSpace="urn:d_nrw_sig3d">1130</gml:name>
      <gml:name>rail level crossing</gml:name>
    </gml:Definition>
  </dictionaryEntry>
  <dictionaryEntry>
    <gml:Definition gml:id="id1092">
      <gml:description></gml:description>
      <gml:name codeSpace="urn:d_nrw_sig3d">1140</gml:name>
      <gml:name>gate</gml:name>
    </gml:Definition>
  </dictionaryEntry>
  <dictionaryEntry>
    <gml:Definition gml:id="id1093">
      <gml:description></gml:description>
      <gml:name codeSpace="urn:d_nrw_sig3d">1150</gml:name>
      <gml:name>streetlamp, latern or candelabra</gml:name>
    </gml:Definition>
  </dictionaryEntry>
  <dictionaryEntry>
    <gml:Definition gml:id="id1094">
      <gml:description></gml:description>
      <gml:name codeSpace="urn:d_nrw_sig3d">1160</gml:name>
      <gml:name>column</gml:name>
    </gml:Definition>
  </dictionaryEntry>
  <dictionaryEntry>
    <gml:Definition gml:id="id1095">
      <gml:description></gml:description>
      <gml:name codeSpace="urn:d_nrw_sig3d">1170</gml:name>
      <gml:name>lamp post</gml:name>
    </gml:Definition>
  </dictionaryEntry>
  <dictionaryEntry>
    <gml:Definition gml:id="id1096">
      <gml:description></gml:description>
      <gml:name codeSpace="urn:d_nrw_sig3d">1180</gml:name>
      <gml:name>flagpole</gml:name>
    </gml:Definition>
  </dictionaryEntry>
  <dictionaryEntry>
    <gml:Definition gml:id="id1097">
      <gml:description></gml:description>
      <gml:name codeSpace="urn:d_nrw_sig3d">1190</gml:name>
      <gml:name>street sink box</gml:name>
    </gml:Definition>
  </dictionaryEntry>
  <dictionaryEntry>
    <gml:Definition gml:id="id1098">
      <gml:description></gml:description>
      <gml:name codeSpace="urn:d_nrw_sig3d">1200</gml:name>
      <gml:name>rubbish bin</gml:name>
    </gml:Definition>
  </dictionaryEntry>
  <dictionaryEntry>
    <gml:Definition gml:id="id1099">
      <gml:description></gml:description>
      <gml:name codeSpace="urn:d_nrw_sig3d">1210</gml:name>
      <gml:name>clock</gml:name>
    </gml:Definition>
  </dictionaryEntry>
  <dictionaryEntry>
    <gml:Definition gml:id="id1100">
      <gml:description></gml:description>
      <gml:name codeSpace="urn:d_nrw_sig3d">1220</gml:name>
      <gml:name>directional spot light</gml:name>
    </gml:Definition>
  </dictionaryEntry>
  <dictionaryEntry>
    <gml:Definition gml:id="id1101">
      <gml:description></gml:description>
      <gml:name codeSpace="urn:d_nrw_sig3d">1230</gml:name>
      <gml:name>floodlight mast</gml:name>
    </gml:Definition>
  </dictionaryEntry>
  <dictionaryEntry>
    <gml:Definition gml:id="id1102">
      <gml:description></gml:description>
      <gml:name codeSpace="urn:d_nrw_sig3d">1240</gml:name>
      <gml:name>windmill</gml:name>
    </gml:Definition>
  </dictionaryEntry>
  <dictionaryEntry>
    <gml:Definition gml:id="id1103">
      <gml:description></gml:description>
      <gml:name codeSpace="urn:d_nrw_sig3d">1250</gml:name>
      <gml:name>solar cell</gml:name>
    </gml:Definition>
  </dictionaryEntry>
  <dictionaryEntry>
    <gml:Definition gml:id="id1104">
      <gml:description></gml:description>
      <gml:name codeSpace="urn:d_nrw_sig3d">1260</gml:name>
      <gml:name>water wheel</gml:name>
    </gml:Definition>
  </dictionaryEntry>
  <dictionaryEntry>
    <gml:Definition gml:id="id1105">
      <gml:description></gml:description>
      <gml:name codeSpace="urn:d_nrw_sig3d">1270</gml:name>
      <gml:name>pole</gml:name>
    </gml:Definition>
  </dictionaryEntry>
  <dictionaryEntry>
    <gml:Definition gml:id="id1106">
      <gml:description></gml:description>
      <gml:name codeSpace="urn:d_nrw_sig3d">1280</gml:name>
      <gml:name>radio mast</gml:name>
    </gml:Definition>
  </dictionaryEntry>
  <dictionaryEntry>
    <gml:Definition gml:id="id1107">
      <gml:description></gml:description>
      <gml:name codeSpace="urn:d_nrw_sig3d">1290</gml:name>
      <gml:name>aerial</gml:name>
    </gml:Definition>
  </dictionaryEntry>
  <dictionaryEntry>
    <gml:Definition gml:id="id1108">
      <gml:description></gml:description>
      <gml:name codeSpace="urn:d_nrw_sig3d">1300</gml:name>
      <gml:name>radio telescope</gml:name>
    </gml:Definition>
  </dictionaryEntry>
  <dictionaryEntry>
    <gml:Definition gml:id="id1109">
      <gml:description></gml:description>
      <gml:name codeSpace="urn:d_nrw_sig3d">1310</gml:name>
      <gml:name>chimney</gml:name>
    </gml:Definition>
  </dictionaryEntry>
  <dictionaryEntry>
    <gml:Definition gml:id="id1110">
      <gml:description></gml:description>
      <gml:name codeSpace="urn:d_nrw_sig3d">1320</gml:name>
      <gml:name>marker</gml:name>
    </gml:Definition>
  </dictionaryEntry>
  <dictionaryEntry>
    <gml:Definition gml:id="id1111">
      <gml:description></gml:description>
      <gml:name codeSpace="urn:d_nrw_sig3d">1330</gml:name>
      <gml:name>hydrant</gml:name>
    </gml:Definition>
  </dictionaryEntry>
  <dictionaryEntry>
    <gml:Definition gml:id="id1112">
      <gml:description></gml:description>
      <gml:name codeSpace="urn:d_nrw_sig3d">1340</gml:name>
      <gml:name>upper corridor fire-hydrant </gml:name>
    </gml:Definition>
  </dictionaryEntry>
  <dictionaryEntry>
    <gml:Definition gml:id="id1113">
      <gml:description></gml:description>
      <gml:name codeSpace="urn:d_nrw_sig3d">1350</gml:name>
      <gml:name>lower floor panel fire-hydrant </gml:name>
    </gml:Definition>
  </dictionaryEntry>
  <dictionaryEntry>
    <gml:Definition gml:id="id1114">
      <gml:description></gml:description>
      <gml:name codeSpace="urn:d_nrw_sig3d">1360</gml:name>
      <gml:name>slidegate valve cap </gml:name>
    </gml:Definition>
  </dictionaryEntry>
  <dictionaryEntry>
    <gml:Definition gml:id="id1115">
      <gml:description></gml:description>
      <gml:name codeSpace="urn:d_nrw_sig3d">1370</gml:name>
      <gml:name>entrance shaft</gml:name>
    </gml:Definition>
  </dictionaryEntry>
  <dictionaryEntry>
    <gml:Definition gml:id="id1116">
      <gml:description></gml:description>
      <gml:name codeSpace="urn:d_nrw_sig3d">1380</gml:name>
      <gml:name>converter</gml:name>
    </gml:Definition>
  </dictionaryEntry>
  <dictionaryEntry>
    <gml:Definition gml:id="id1117">
      <gml:description></gml:description>
      <gml:name codeSpace="urn:d_nrw_sig3d">1390</gml:name>
      <gml:name>stair</gml:name>
    </gml:Definition>
  </dictionaryEntry>
  <dictionaryEntry>
    <gml:Definition gml:id="id1118">
      <gml:description></gml:description>
      <gml:name codeSpace="urn:d_nrw_sig3d">1400</gml:name>
      <gml:name>outside staircase</gml:name>
    </gml:Definition>
  </dictionaryEntry>
  <dictionaryEntry>
    <gml:Definition gml:id="id1119">
      <gml:description></gml:description>
      <gml:name codeSpace="urn:d_nrw_sig3d">1410</gml:name>
      <gml:name>escalator</gml:name>
    </gml:Definition>
  </dictionaryEntry>
  <dictionaryEntry>
    <gml:Definition gml:id="id1120">
      <gml:description></gml:description>
      <gml:name codeSpace="urn:d_nrw_sig3d">1420</gml:name>
      <gml:name>ramp</gml:name>
    </gml:Definition>
  </dictionaryEntry>
  <dictionaryEntry>
    <gml:Definition gml:id="id1121">
      <gml:description></gml:description>
      <gml:name codeSpace="urn:d_nrw_sig3d">1430</gml:name>
      <gml:name>patio</gml:name>
    </gml:Definition>
  </dictionaryEntry>
  <dictionaryEntry>
    <gml:Definition gml:id="id1122">
      <gml:description></gml:description>
      <gml:name codeSpace="urn:d_nrw_sig3d">1440</gml:name>
      <gml:name>fence</gml:name>
    </gml:Definition>
  </dictionaryEntry>
  <dictionaryEntry>
    <gml:Definition gml:id="id1123">
      <gml:description></gml:description>
      <gml:name codeSpace="urn:d_nrw_sig3d">1450</gml:name>
      <gml:name>memorial/monument</gml:name>
    </gml:Definition>
  </dictionaryEntry>
  <dictionaryEntry>
    <gml:Definition gml:id="id1124">
      <gml:description></gml:description>
      <gml:name codeSpace="urn:d_nrw_sig3d">1470</gml:name>
      <gml:name>wayside shrine</gml:name>
    </gml:Definition>
  </dictionaryEntry>
  <dictionaryEntry>
    <gml:Definition gml:id="id1125">
      <gml:description></gml:description>
      <gml:name codeSpace="urn:d_nrw_sig3d">1480</gml:name>
      <gml:name>crossroads</gml:name>
    </gml:Definition>
  </dictionaryEntry>
  <dictionaryEntry>
    <gml:Definition gml:id="id1126">
      <gml:description></gml:description>
      <gml:name codeSpace="urn:d_nrw_sig3d">1490</gml:name>
      <gml:name>cross on the summit of a mountain</gml:name>
    </gml:Definition>
  </dictionaryEntry>
  <dictionaryEntry>
    <gml:Definition gml:id="id1127">
      <gml:description></gml:description>
      <gml:name codeSpace="urn:d_nrw_sig3d">1500</gml:name>
      <gml:name>fountain</gml:name>
    </gml:Definition>
  </dictionaryEntry>
  <dictionaryEntry>
    <gml:Definition gml:id="id1128">
      <gml:description></gml:description>
      <gml:name codeSpace="urn:d_nrw_sig3d">1510</gml:name>
      <gml:name>block mark</gml:name>
    </gml:Definition>
  </dictionaryEntry>
  <dictionaryEntry>
    <gml:Definition gml:id="id1129">
      <gml:description></gml:description>
      <gml:name codeSpace="urn:d_nrw_sig3d">1520</gml:name>
      <gml:name>boundary post</gml:name>
    </gml:Definition>
  </dictionaryEntry>
  <dictionaryEntry>
    <gml:Definition gml:id="id1130">
      <gml:description></gml:description>
      <gml:name codeSpace="urn:d_nrw_sig3d">1530</gml:name>
      <gml:name>bench</gml:name>
    </gml:Definition>
  </dictionaryEntry>
  <dictionaryEntry>
    <gml:Definition gml:id="id1131">
      <gml:description></gml:description>
      <gml:name codeSpace="urn:d_nrw_sig3d">1540</gml:name>
      <gml:name>others</gml:name>
    </gml:Definition>
  </dictionaryEntry>
</gml:Dictionary>
