<?xml version="1.0" encoding="UTF-8"?>
<!-- 
  External Code List enumerating the values for the attribute MimeTypeType.
  City GML Version No. 1.0.0, January 14th, 2008.
  Compiled by Sandra Schlueter, Joachim Benner, Frank Bildstein, Ruediger Drees,
  Andreas Kohlhaas and Mark Pendlington, 07/11/07

  The lists of the values have to be completed.  
  The dictionary concept of GML 3 is used to represent the values in this file.
  For each of the attributes listed above, the list of all possible values is
  given below.
  The values are represented by a specific code, given by the name qualified
  by the codeSpace="urn:d_nrw_sig3d". The corresponding attribute is given
  by the corresponding name of the definitionMember without codeSpace.
  This is according to the approach in  the german cadastre standard ALKIS.
  The IDs cannot be used to reference attribute values, since they must be
  unique globally (thus, for example. the roof type and the building function
  cannot have the same value 3002) and since IDs are restricted syntactically, 
  e.g. they must start with a character.
  However, the intended use of names is to reflect the different terms of a
  specific notion in different communities, not to reference a entry or value.
  In GML3,IDs are usually used to reference a value (IDs are mandatory in 
  dictionary entries). It has to be clarified finally whether to use names or
  IDs for referencing values.

  The GML IDs are not used. Since they are mandatory, they are generated
  automatically (as sequence of consecuting natural numbers, preceded by the
  prefix ID_). In ALKIS this is prevented by redefining the dictionary concept,
  with a non-mandatory GML ID.
 -->
<gml:Dictionary
        xmlns="http://www.opengis.net/gml"
        xmlns:gml="http://www.opengis.net/gml"
        xmlns:xsi="http://www.w3.org/2001/XMLSchema-instance"
        xsi:schemaLocation="http://www.opengis.net/gml http://schemas.opengis.net/gml/3.1.1/profiles/SimpleDictionary/1.0.0/gmlSimpleDictionaryProfile.xsd" gml:id="MimeTypeType">
  <name>MimeTypeType</name>
  <dictionaryEntry>
    <gml:Definition gml:id="id2221">
      <gml:description></gml:description>
      <gml:name codeSpace="urn:d_nrw_sig3d">model/vrml</gml:name>
      <gml:name>VRML97</gml:name>
    </gml:Definition>
  </dictionaryEntry>
  <dictionaryEntry>
    <gml:Definition gml:id="id2222">
      <gml:description></gml:description>
      <gml:name codeSpace="urn:d_nrw_sig3d">application/x-3ds</gml:name>
      <gml:name>3ds max</gml:name>
    </gml:Definition>
  </dictionaryEntry>
  <dictionaryEntry>
    <gml:Definition gml:id="id2223">
      <gml:description></gml:description>
      <gml:name codeSpace="urn:d_nrw_sig3d">application/dxf</gml:name>
      <gml:name>AutoCad DXF</gml:name>
    </gml:Definition>
  </dictionaryEntry>
  <dictionaryEntry>
    <gml:Definition gml:id="id2224">
      <gml:description></gml:description>
      <gml:name codeSpace="urn:d_nrw_sig3d">application/x-autocad</gml:name>
      <gml:name>AutoCad DXF</gml:name>
    </gml:Definition>
  </dictionaryEntry>
  <dictionaryEntry>
    <gml:Definition gml:id="id2225">
      <gml:description></gml:description>
      <gml:name codeSpace="urn:d_nrw_sig3d">application/x-dxf</gml:name>
      <gml:name>AutoCad DXF</gml:name>
    </gml:Definition>
  </dictionaryEntry>
  <dictionaryEntry>
    <gml:Definition gml:id="id2226">
      <gml:description></gml:description>
      <gml:name codeSpace="urn:d_nrw_sig3d">application/acad</gml:name>
      <gml:name>AutoCad DWG,</gml:name>
    </gml:Definition>
  </dictionaryEntry>
  <dictionaryEntry>
    <gml:Definition gml:id="id2227">
      <gml:description></gml:description>
      <gml:name codeSpace="urn:d_nrw_sig3d">application/x-shockwave-flash</gml:name>
      <gml:name>Shockwave 3D,</gml:name>
    </gml:Definition>
  </dictionaryEntry>
  <dictionaryEntry>
    <gml:Definition gml:id="id2228">
      <gml:description></gml:description>
      <gml:name codeSpace="urn:d_nrw_sig3d">model/x3d+xml</gml:name>
      <gml:name>X3D,</gml:name>
    </gml:Definition>
  </dictionaryEntry>
  <dictionaryEntry>
    <gml:Definition gml:id="id2229">
      <gml:description></gml:description>
      <gml:name codeSpace="urn:d_nrw_sig3d">model/x3d+binary</gml:name>
      <gml:name>X3D,</gml:name>
    </gml:Definition>
  </dictionaryEntry>
  <dictionaryEntry>
    <gml:Definition gml:id="id2230">
      <gml:description></gml:description>
      <gml:name codeSpace="urn:d_nrw_sig3d">image/gif</gml:name>
      <gml:name>*.gif images,</gml:name>
    </gml:Definition>
  </dictionaryEntry>
  <dictionaryEntry>
    <gml:Definition gml:id="id2231">
      <gml:description></gml:description>
      <gml:name codeSpace="urn:d_nrw_sig3d">image/jpeg</gml:name>
      <gml:name>*.jpeg, *.jpg images</gml:name>
    </gml:Definition>
  </dictionaryEntry>
  <dictionaryEntry>
    <gml:Definition gml:id="id2232">
      <gml:description></gml:description>
      <gml:name codeSpace="urn:d_nrw_sig3d">image/png</gml:name>
      <gml:name>*.png images,</gml:name>
    </gml:Definition>
  </dictionaryEntry>
  <dictionaryEntry>
    <gml:Definition gml:id="id2233">
      <gml:description></gml:description>
      <gml:name codeSpace="urn:d_nrw_sig3d">image/tiff</gml:name>
      <gml:name>*.tiff, *.tif images</gml:name>
    </gml:Definition>
  </dictionaryEntry>
  <dictionaryEntry>
    <gml:Definition gml:id="id2234">
      <gml:description></gml:description>
      <gml:name codeSpace="urn:d_nrw_sig3d">image/bmp</gml:name>
      <gml:name>*.bmp images</gml:name>
    </gml:Definition>
  </dictionaryEntry>
</gml:Dictionary>
