<?xml version="1.0" encoding="UTF-8"?>
<!-- 
  External Code List enumerating the values for the attribute PlantCoverFunctionType.
  City GML Version No. 1.0, Janary 31th, 2008.
  Compiled by Sandra Schlueter, Joachim Benner, Frank Bildstein, Ruediger Drees,
  Andreas Kohlhaas and Mark Pendlington, 07/11/07

  The lists of the values have to be completed.  
  The dictionary concept of GML 3 is used to represent the values in this file.
  For each of the attributes listed above, the list of all possible values is
  given below.
  The values are represented by a specific code, given by the name qualified
  by the codeSpace="urn:d_nrw_sig3d". The corresponding attribute is given
  by the corresponding name of the definitionMember without codeSpace.
  This is according to the approach in  the german cadastre standard ALKIS.
  The IDs cannot be used to reference attribute values, since they must be
  unique globally (thus, for example. the roof type and the building function
  cannot have the same value 3002) and since IDs are restricted syntactically, 
  e.g. they must start with a character.
  However, the intended use of names is to reflect the different terms of a
  specific notion in different communities, not to reference a entry or value.
  In GML3,IDs are usually used to reference a value (IDs are mandatory in 
  dictionary entries). It has to be clarified finally whether to use names or
  IDs for referencing values.

  The GML IDs are not used. Since they are mandatory, they are generated
  automatically (as sequence of consecuting natural numbers, preceded by the
  prefix ID_). In ALKIS this is prevented by redefining the dictionary concept,
  with a non-mandatory GML ID.
 -->
<gml:Dictionary
        xmlns="http://www.opengis.net/gml"
        xmlns:gml="http://www.opengis.net/gml"
        xmlns:xsi="http://www.w3.org/2001/XMLSchema-instance"
        xsi:schemaLocation="http://www.opengis.net/gml http://schemas.opengis.net/gml/3.1.1/profiles/SimpleDictionary/1.0.0/gmlSimpleDictionaryProfile.xsd" gml:id="PlantCoverFunctionType">
  <name>PlantCoverFunctionType</name>
  <dictionaryEntry>
    <gml:Definition gml:id="id4480">
      <gml:description></gml:description>
      <gml:name codeSpace="urn:d_nrw_sig3d">1010</gml:name>
      <gml:name>Lemnetea </gml:name>
    </gml:Definition>
  </dictionaryEntry>
  <dictionaryEntry>
    <gml:Definition gml:id="id4481">
      <gml:description></gml:description>
      <gml:name codeSpace="urn:d_nrw_sig3d">1020</gml:name>
      <gml:name>Asplenietea rupestris </gml:name>
    </gml:Definition>
  </dictionaryEntry>
  <dictionaryEntry>
    <gml:Definition gml:id="id4482">
      <gml:description></gml:description>
      <gml:name codeSpace="urn:d_nrw_sig3d">1030</gml:name>
      <gml:name>Adiantetea </gml:name>
    </gml:Definition>
  </dictionaryEntry>
  <dictionaryEntry>
    <gml:Definition gml:id="id4483">
      <gml:description></gml:description>
      <gml:name codeSpace="urn:d_nrw_sig3d">1040</gml:name>
      <gml:name>Thlaspietea rotundifolii </gml:name>
    </gml:Definition>
  </dictionaryEntry>
  <dictionaryEntry>
    <gml:Definition gml:id="id4484">
      <gml:description></gml:description>
      <gml:name codeSpace="urn:d_nrw_sig3d">1050</gml:name>
      <gml:name>Crithmo-Limonietea </gml:name>
    </gml:Definition>
  </dictionaryEntry>
  <dictionaryEntry>
    <gml:Definition gml:id="id4485">
      <gml:description></gml:description>
      <gml:name codeSpace="urn:d_nrw_sig3d">1060</gml:name>
      <gml:name>Ammophietea </gml:name>
    </gml:Definition>
  </dictionaryEntry>
  <dictionaryEntry>
    <gml:Definition gml:id="id4486">
      <gml:description></gml:description>
      <gml:name codeSpace="urn:d_nrw_sig3d">1070</gml:name>
      <gml:name>Cakiletea maritimae halophile </gml:name>
    </gml:Definition>
  </dictionaryEntry>
  <dictionaryEntry>
    <gml:Definition gml:id="id4487">
      <gml:description></gml:description>
      <gml:name codeSpace="urn:d_nrw_sig3d">1080</gml:name>
      <gml:name>Secalinetea </gml:name>
    </gml:Definition>
  </dictionaryEntry>
  <dictionaryEntry>
    <gml:Definition gml:id="id4488">
      <gml:description></gml:description>
      <gml:name codeSpace="urn:d_nrw_sig3d">1090</gml:name>
      <gml:name>Chenopodietea </gml:name>
    </gml:Definition>
  </dictionaryEntry>
  <dictionaryEntry>
    <gml:Definition gml:id="id4489">
      <gml:description></gml:description>
      <gml:name codeSpace="urn:d_nrw_sig3d">1100</gml:name>
      <gml:name>Onopordetea </gml:name>
    </gml:Definition>
  </dictionaryEntry>
  <dictionaryEntry>
    <gml:Definition gml:id="id4490">
      <gml:description></gml:description>
      <gml:name codeSpace="urn:d_nrw_sig3d">1110</gml:name>
      <gml:name>Epilobietea angustifolii </gml:name>
    </gml:Definition>
  </dictionaryEntry>
  <dictionaryEntry>
    <gml:Definition gml:id="id4491">
      <gml:description></gml:description>
      <gml:name codeSpace="urn:d_nrw_sig3d">1120</gml:name>
      <gml:name>Bidentetea tripartiti </gml:name>
    </gml:Definition>
  </dictionaryEntry>
  <dictionaryEntry>
    <gml:Definition gml:id="id4492">
      <gml:description></gml:description>
      <gml:name codeSpace="urn:d_nrw_sig3d">1130</gml:name>
      <gml:name>Zoosteretea marinae halophile </gml:name>
    </gml:Definition>
  </dictionaryEntry>
  <dictionaryEntry>
    <gml:Definition gml:id="id4493">
      <gml:description></gml:description>
      <gml:name codeSpace="urn:d_nrw_sig3d">1140</gml:name>
      <gml:name>Ruppietea maritimae </gml:name>
    </gml:Definition>
  </dictionaryEntry>
  <dictionaryEntry>
    <gml:Definition gml:id="id4494">
      <gml:description></gml:description>
      <gml:name codeSpace="urn:d_nrw_sig3d">1150</gml:name>
      <gml:name>Potametea haftende </gml:name>
    </gml:Definition>
  </dictionaryEntry>
  <dictionaryEntry>
    <gml:Definition gml:id="id4495">
      <gml:description></gml:description>
      <gml:name codeSpace="urn:d_nrw_sig3d">1160</gml:name>
      <gml:name>Litorelletea </gml:name>
    </gml:Definition>
  </dictionaryEntry>
  <dictionaryEntry>
    <gml:Definition gml:id="id4496">
      <gml:description></gml:description>
      <gml:name codeSpace="urn:d_nrw_sig3d">1170</gml:name>
      <gml:name>Plantaginetea majoris </gml:name>
    </gml:Definition>
  </dictionaryEntry>
  <dictionaryEntry>
    <gml:Definition gml:id="id4497">
      <gml:description></gml:description>
      <gml:name codeSpace="urn:d_nrw_sig3d">1180</gml:name>
      <gml:name>Isoeto-Nanojuncetea </gml:name>
    </gml:Definition>
  </dictionaryEntry>
  <dictionaryEntry>
    <gml:Definition gml:id="id4498">
      <gml:description></gml:description>
      <gml:name codeSpace="urn:d_nrw_sig3d">1190</gml:name>
      <gml:name>Montino-Cardaminetea </gml:name>
    </gml:Definition>
  </dictionaryEntry>
  <dictionaryEntry>
    <gml:Definition gml:id="id4499">
      <gml:description></gml:description>
      <gml:name codeSpace="urn:d_nrw_sig3d">1200</gml:name>
      <gml:name>Corynephoretea </gml:name>
    </gml:Definition>
  </dictionaryEntry>
  <dictionaryEntry>
    <gml:Definition gml:id="id4500">
      <gml:description></gml:description>
      <gml:name codeSpace="urn:d_nrw_sig3d">1210</gml:name>
      <gml:name>Asteretea tripolium </gml:name>
    </gml:Definition>
  </dictionaryEntry>
  <dictionaryEntry>
    <gml:Definition gml:id="id4501">
      <gml:description></gml:description>
      <gml:name codeSpace="urn:d_nrw_sig3d">1220</gml:name>
      <gml:name>Salicornietea </gml:name>
    </gml:Definition>
  </dictionaryEntry>
  <dictionaryEntry>
    <gml:Definition gml:id="id4502">
      <gml:description></gml:description>
      <gml:name codeSpace="urn:d_nrw_sig3d">1230</gml:name>
      <gml:name>Juncetea maritimi </gml:name>
    </gml:Definition>
  </dictionaryEntry>
  <dictionaryEntry>
    <gml:Definition gml:id="id4503">
      <gml:description></gml:description>
      <gml:name codeSpace="urn:d_nrw_sig3d">1240</gml:name>
      <gml:name>Phragmitetea </gml:name>
    </gml:Definition>
  </dictionaryEntry>
  <dictionaryEntry>
    <gml:Definition gml:id="id4504">
      <gml:description></gml:description>
      <gml:name codeSpace="urn:d_nrw_sig3d">1250</gml:name>
      <gml:name>Spartinetea </gml:name>
    </gml:Definition>
  </dictionaryEntry>
  <dictionaryEntry>
    <gml:Definition gml:id="id4505">
      <gml:description></gml:description>
      <gml:name codeSpace="urn:d_nrw_sig3d">1260</gml:name>
      <gml:name>Sedo-Scleranthetea </gml:name>
    </gml:Definition>
  </dictionaryEntry>
  <dictionaryEntry>
    <gml:Definition gml:id="id4506">
      <gml:description></gml:description>
      <gml:name codeSpace="urn:d_nrw_sig3d">1270</gml:name>
      <gml:name>Salicetea herbaceae </gml:name>
    </gml:Definition>
  </dictionaryEntry>
  <dictionaryEntry>
    <gml:Definition gml:id="id4507">
      <gml:description></gml:description>
      <gml:name codeSpace="urn:d_nrw_sig3d">1280</gml:name>
      <gml:name>Arrhenatheretea </gml:name>
    </gml:Definition>
  </dictionaryEntry>
  <dictionaryEntry>
    <gml:Definition gml:id="id4508">
      <gml:description></gml:description>
      <gml:name codeSpace="urn:d_nrw_sig3d">1290</gml:name>
      <gml:name>Molinio-Juncetea </gml:name>
    </gml:Definition>
  </dictionaryEntry>
  <dictionaryEntry>
    <gml:Definition gml:id="id4509">
      <gml:description></gml:description>
      <gml:name codeSpace="urn:d_nrw_sig3d">1300</gml:name>
      <gml:name>Scheuchzerio-Caricetea fuscae azidophile </gml:name>
    </gml:Definition>
  </dictionaryEntry>
  <dictionaryEntry>
    <gml:Definition gml:id="id4510">
      <gml:description></gml:description>
      <gml:name codeSpace="urn:d_nrw_sig3d">1310</gml:name>
      <gml:name>Festuco-Brometea </gml:name>
    </gml:Definition>
  </dictionaryEntry>
  <dictionaryEntry>
    <gml:Definition gml:id="id4511">
      <gml:description></gml:description>
      <gml:name codeSpace="urn:d_nrw_sig3d">1320</gml:name>
      <gml:name>Elyno-Seslerietea </gml:name>
    </gml:Definition>
  </dictionaryEntry>
  <dictionaryEntry>
    <gml:Definition gml:id="id4512">
      <gml:description></gml:description>
      <gml:name codeSpace="urn:d_nrw_sig3d">1330</gml:name>
      <gml:name>Caricetea curvulae azidophile </gml:name>
    </gml:Definition>
  </dictionaryEntry>
  <dictionaryEntry>
    <gml:Definition gml:id="id4513">
      <gml:description></gml:description>
      <gml:name codeSpace="urn:d_nrw_sig3d">1340</gml:name>
      <gml:name>Calluno-Ulicetea </gml:name>
    </gml:Definition>
  </dictionaryEntry>
  <dictionaryEntry>
    <gml:Definition gml:id="id4514">
      <gml:description></gml:description>
      <gml:name codeSpace="urn:d_nrw_sig3d">1350</gml:name>
      <gml:name>Oxycocco-Sphagnetea </gml:name>
    </gml:Definition>
  </dictionaryEntry>
  <dictionaryEntry>
    <gml:Definition gml:id="id4515">
      <gml:description></gml:description>
      <gml:name codeSpace="urn:d_nrw_sig3d">1360</gml:name>
      <gml:name>Salicetea purpureae </gml:name>
    </gml:Definition>
  </dictionaryEntry>
  <dictionaryEntry>
    <gml:Definition gml:id="id4516">
      <gml:description></gml:description>
      <gml:name codeSpace="urn:d_nrw_sig3d">1370</gml:name>
      <gml:name>Betulo-Adenostyletea </gml:name>
    </gml:Definition>
  </dictionaryEntry>
  <dictionaryEntry>
    <gml:Definition gml:id="id4517">
      <gml:description></gml:description>
      <gml:name codeSpace="urn:d_nrw_sig3d">1380</gml:name>
      <gml:name>Alnetea glutinosae</gml:name>
    </gml:Definition>
  </dictionaryEntry>
  <dictionaryEntry>
    <gml:Definition gml:id="id4518">
      <gml:description></gml:description>
      <gml:name codeSpace="urn:d_nrw_sig3d">1390</gml:name>
      <gml:name>Erico-Pinetea </gml:name>
    </gml:Definition>
  </dictionaryEntry>
  <dictionaryEntry>
    <gml:Definition gml:id="id4519">
      <gml:description></gml:description>
      <gml:name codeSpace="urn:d_nrw_sig3d">1400</gml:name>
      <gml:name>Vaccinio-Piceetea </gml:name>
    </gml:Definition>
  </dictionaryEntry>
  <dictionaryEntry>
    <gml:Definition gml:id="id4520">
      <gml:description></gml:description>
      <gml:name codeSpace="urn:d_nrw_sig3d">1410</gml:name>
      <gml:name>Quercetea robori-petraeae </gml:name>
    </gml:Definition>
  </dictionaryEntry>
  <dictionaryEntry>
    <gml:Definition gml:id="id4521">
      <gml:description></gml:description>
      <gml:name codeSpace="urn:d_nrw_sig3d">1420</gml:name>
      <gml:name>Querco-Fagetea </gml:name>
    </gml:Definition>
  </dictionaryEntry>
  <dictionaryEntry>
    <gml:Definition gml:id="id4522">
      <gml:description></gml:description>
      <gml:name codeSpace="urn:d_nrw_sig3d">1430</gml:name>
      <gml:name>Crithmo-Staticetea </gml:name>
    </gml:Definition>
  </dictionaryEntry>
  <dictionaryEntry>
    <gml:Definition gml:id="id4523">
      <gml:description></gml:description>
      <gml:name codeSpace="urn:d_nrw_sig3d">1440</gml:name>
      <gml:name>Tuberarietea guttati </gml:name>
    </gml:Definition>
  </dictionaryEntry>
  <dictionaryEntry>
    <gml:Definition gml:id="id4524">
      <gml:description></gml:description>
      <gml:name codeSpace="urn:d_nrw_sig3d">1450</gml:name>
      <gml:name>Juncetea maritimae </gml:name>
    </gml:Definition>
  </dictionaryEntry>
  <dictionaryEntry>
    <gml:Definition gml:id="id4525">
      <gml:description></gml:description>
      <gml:name codeSpace="urn:d_nrw_sig3d">1460</gml:name>
      <gml:name>Thero-Brachypodietea </gml:name>
    </gml:Definition>
  </dictionaryEntry>
  <dictionaryEntry>
    <gml:Definition gml:id="id4526">
      <gml:description></gml:description>
      <gml:name codeSpace="urn:d_nrw_sig3d">1470</gml:name>
      <gml:name>Ononido-Rosmarinetea </gml:name>
    </gml:Definition>
  </dictionaryEntry>
  <dictionaryEntry>
    <gml:Definition gml:id="id4527">
      <gml:description></gml:description>
      <gml:name codeSpace="urn:d_nrw_sig3d">1480</gml:name>
      <gml:name>Nerio-Tamaricetea </gml:name>
    </gml:Definition>
  </dictionaryEntry>
  <dictionaryEntry>
    <gml:Definition gml:id="id4528">
      <gml:description></gml:description>
      <gml:name codeSpace="urn:d_nrw_sig3d">1490</gml:name>
      <gml:name>Pegano-Salsoletea </gml:name>
    </gml:Definition>
  </dictionaryEntry>
  <dictionaryEntry>
    <gml:Definition gml:id="id4529">
      <gml:description></gml:description>
      <gml:name codeSpace="urn:d_nrw_sig3d">1500</gml:name>
      <gml:name>Cisto-Lavanduletea </gml:name>
    </gml:Definition>
  </dictionaryEntry>
  <dictionaryEntry>
    <gml:Definition gml:id="id4530">
      <gml:description></gml:description>
      <gml:name codeSpace="urn:d_nrw_sig3d">1510</gml:name>
      <gml:name>Quercetea ilicis </gml:name>
    </gml:Definition>
  </dictionaryEntry>
  <dictionaryEntry>
    <gml:Definition gml:id="id4531">
      <gml:description></gml:description>
      <gml:name codeSpace="urn:d_nrw_sig3d">1520</gml:name>
      <gml:name>Populetea albae </gml:name>
    </gml:Definition>
  </dictionaryEntry>
  <dictionaryEntry>
    <gml:Definition gml:id="id4532">
      <gml:description></gml:description>
      <gml:name codeSpace="urn:d_nrw_sig3d">9999</gml:name>
      <gml:name>unknown</gml:name>
    </gml:Definition>
  </dictionaryEntry>
</gml:Dictionary>
