<?xml version="1.0" encoding="UTF-8"?>
<!-- 
  External Code List enumerating the values for the attribute TransportationComplexUsage.
  City GML Version No. 1.0.0, January 14th, 2008.
  Compiled by Sandra Schlueter, Joachim Benner, Frank Bildstein, Ruediger Drees,
  Andreas Kohlhaas and Mark Pendlington, 07/11/07

  The lists of the values have to be completed.  
  The dictionary concept of GML 3 is used to represent the values in this file.
  For each of the attributes listed above, the list of all possible values is
  given below.
  The values are represented by a specific code, given by the name qualified
  by the codeSpace="urn:d_nrw_sig3d". The corresponding attribute is given
  by the corresponding name of the definitionMember without codeSpace.
  This is according to the approach in  the german cadastre standard ALKIS.
  The IDs cannot be used to reference attribute values, since they must be
  unique globally (thus, for example. the roof type and the building function
  cannot have the same value 3002) and since IDs are restricted syntactically, 
  e.g. they must start with a character.
  However, the intended use of names is to reflect the different terms of a
  specific notion in different communities, not to reference a entry or value.
  In GML3,IDs are usually used to reference a value (IDs are mandatory in 
  dictionary entries). It has to be clarified finally whether to use names or
  IDs for referencing values.

  The GML IDs are not used. Since they are mandatory, they are generated
  automatically (as sequence of consecuting natural numbers, preceded by the
  prefix ID_). In ALKIS this is prevented by redefining the dictionary concept,
  with a non-mandatory GML ID.
 -->
<gml:Dictionary
        xmlns="http://www.opengis.net/gml"
        xmlns:gml="http://www.opengis.net/gml"
        xmlns:xsi="http://www.w3.org/2001/XMLSchema-instance"
        xsi:schemaLocation="http://www.opengis.net/gml http://schemas.opengis.net/gml/3.1.1/profiles/SimpleDictionary/1.0.0/gmlSimpleDictionaryProfile.xsd" gml:id="TransportationComplexUsage">
  <name>TransportationComplexUsage</name>
  <dictionaryEntry>
    <gml:Definition gml:id="id1226">
      <gml:description></gml:description>
      <gml:name codeSpace="urn:d_nrw_sig3d">1000</gml:name>
      <gml:name>road</gml:name>
    </gml:Definition>
  </dictionaryEntry>
  <dictionaryEntry>
    <gml:Definition gml:id="id1227">
      <gml:description></gml:description>
      <gml:name codeSpace="urn:d_nrw_sig3d">1010</gml:name>
      <gml:name>freeway/motorway</gml:name>
    </gml:Definition>
  </dictionaryEntry>
  <dictionaryEntry>
    <gml:Definition gml:id="id1228">
      <gml:description></gml:description>
      <gml:name codeSpace="urn:d_nrw_sig3d">1020</gml:name>
      <gml:name>highway/national primary road</gml:name>
    </gml:Definition>
  </dictionaryEntry>
  <dictionaryEntry>
    <gml:Definition gml:id="id1229">
      <gml:description></gml:description>
      <gml:name codeSpace="urn:d_nrw_sig3d">1030</gml:name>
      <gml:name>land road</gml:name>
    </gml:Definition>
  </dictionaryEntry>
  <dictionaryEntry>
    <gml:Definition gml:id="id1230">
      <gml:description></gml:description>
      <gml:name codeSpace="urn:d_nrw_sig3d">1040</gml:name>
      <gml:name>district road</gml:name>
    </gml:Definition>
  </dictionaryEntry>
  <dictionaryEntry>
    <gml:Definition gml:id="id1231">
      <gml:description></gml:description>
      <gml:name codeSpace="urn:d_nrw_sig3d">1050</gml:name>
      <gml:name>main through-road</gml:name>
    </gml:Definition>
  </dictionaryEntry>
  <dictionaryEntry>
    <gml:Definition gml:id="id1232">
      <gml:description></gml:description>
      <gml:name codeSpace="urn:d_nrw_sig3d">1060</gml:name>
      <gml:name>main through-road</gml:name>
    </gml:Definition>
  </dictionaryEntry>
  <dictionaryEntry>
    <gml:Definition gml:id="id1233">
      <gml:description></gml:description>
      <gml:name codeSpace="urn:d_nrw_sig3d">1100</gml:name>
      <gml:name>freeway interchange/ highway junction</gml:name>
    </gml:Definition>
  </dictionaryEntry>
  <dictionaryEntry>
    <gml:Definition gml:id="id1234">
      <gml:description></gml:description>
      <gml:name codeSpace="urn:d_nrw_sig3d">1110</gml:name>
      <gml:name>junction</gml:name>
    </gml:Definition>
  </dictionaryEntry>
  <dictionaryEntry>
    <gml:Definition gml:id="id1235">
      <gml:description></gml:description>
      <gml:name codeSpace="urn:d_nrw_sig3d">1200</gml:name>
      <gml:name>road</gml:name>
    </gml:Definition>
  </dictionaryEntry>
  <dictionaryEntry>
    <gml:Definition gml:id="id1236">
      <gml:description></gml:description>
      <gml:name codeSpace="urn:d_nrw_sig3d">1210</gml:name>
      <gml:name>driveway</gml:name>
    </gml:Definition>
  </dictionaryEntry>
  <dictionaryEntry>
    <gml:Definition gml:id="id1237">
      <gml:description></gml:description>
      <gml:name codeSpace="urn:d_nrw_sig3d">1220</gml:name>
      <gml:name>footpath/footway</gml:name>
    </gml:Definition>
  </dictionaryEntry>
  <dictionaryEntry>
    <gml:Definition gml:id="id1238">
      <gml:description></gml:description>
      <gml:name codeSpace="urn:d_nrw_sig3d">1230</gml:name>
      <gml:name>hiking trail</gml:name>
    </gml:Definition>
  </dictionaryEntry>
  <dictionaryEntry>
    <gml:Definition gml:id="id1239">
      <gml:description></gml:description>
      <gml:name codeSpace="urn:d_nrw_sig3d">1240</gml:name>
      <gml:name>bikeway/cycle-path</gml:name>
    </gml:Definition>
  </dictionaryEntry>
  <dictionaryEntry>
    <gml:Definition gml:id="id1240">
      <gml:description></gml:description>
      <gml:name codeSpace="urn:d_nrw_sig3d">1250</gml:name>
      <gml:name>bridleway/bridlepath</gml:name>
    </gml:Definition>
  </dictionaryEntry>
  <dictionaryEntry>
    <gml:Definition gml:id="id1241">
      <gml:description></gml:description>
      <gml:name codeSpace="urn:d_nrw_sig3d">1260</gml:name>
      <gml:name>main agricultural road</gml:name>
    </gml:Definition>
  </dictionaryEntry>
  <dictionaryEntry>
    <gml:Definition gml:id="id1242">
      <gml:description></gml:description>
      <gml:name codeSpace="urn:d_nrw_sig3d">1270</gml:name>
      <gml:name>agricultural road</gml:name>
    </gml:Definition>
  </dictionaryEntry>
  <dictionaryEntry>
    <gml:Definition gml:id="id1243">
      <gml:description></gml:description>
      <gml:name codeSpace="urn:d_nrw_sig3d">1280</gml:name>
      <gml:name>bikeway/footway</gml:name>
    </gml:Definition>
  </dictionaryEntry>
  <dictionaryEntry>
    <gml:Definition gml:id="id1244">
      <gml:description></gml:description>
      <gml:name codeSpace="urn:d_nrw_sig3d">1290</gml:name>
      <gml:name>dead-end road</gml:name>
    </gml:Definition>
  </dictionaryEntry>
  <dictionaryEntry>
    <gml:Definition gml:id="id1245">
      <gml:description></gml:description>
      <gml:name codeSpace="urn:d_nrw_sig3d">1300</gml:name>
      <gml:name>dead-end road</gml:name>
    </gml:Definition>
  </dictionaryEntry>
  <dictionaryEntry>
    <gml:Definition gml:id="id1246">
      <gml:description></gml:description>
      <gml:name codeSpace="urn:d_nrw_sig3d">1400</gml:name>
      <gml:name>lane</gml:name>
    </gml:Definition>
  </dictionaryEntry>
  <dictionaryEntry>
    <gml:Definition gml:id="id1247">
      <gml:description></gml:description>
      <gml:name codeSpace="urn:d_nrw_sig3d">1410</gml:name>
      <gml:name>lane, one direction</gml:name>
    </gml:Definition>
  </dictionaryEntry>
  <dictionaryEntry>
    <gml:Definition gml:id="id1248">
      <gml:description></gml:description>
      <gml:name codeSpace="urn:d_nrw_sig3d">1420</gml:name>
      <gml:name>lane,  both direction</gml:name>
    </gml:Definition>
  </dictionaryEntry>
  <dictionaryEntry>
    <gml:Definition gml:id="id1249">
      <gml:description></gml:description>
      <gml:name codeSpace="urn:d_nrw_sig3d">1500</gml:name>
      <gml:name>pedestrian zone</gml:name>
    </gml:Definition>
  </dictionaryEntry>
  <dictionaryEntry>
    <gml:Definition gml:id="id1250">
      <gml:description></gml:description>
      <gml:name codeSpace="urn:d_nrw_sig3d">1600</gml:name>
      <gml:name>place</gml:name>
    </gml:Definition>
  </dictionaryEntry>
  <dictionaryEntry>
    <gml:Definition gml:id="id1251">
      <gml:description></gml:description>
      <gml:name codeSpace="urn:d_nrw_sig3d">1610</gml:name>
      <gml:name>parking area</gml:name>
    </gml:Definition>
  </dictionaryEntry>
  <dictionaryEntry>
    <gml:Definition gml:id="id1252">
      <gml:description></gml:description>
      <gml:name codeSpace="urn:d_nrw_sig3d">1620</gml:name>
      <gml:name>marketplace</gml:name>
    </gml:Definition>
  </dictionaryEntry>
  <dictionaryEntry>
    <gml:Definition gml:id="id1253">
      <gml:description></gml:description>
      <gml:name codeSpace="urn:d_nrw_sig3d">1700</gml:name>
      <gml:name>service area</gml:name>
    </gml:Definition>
  </dictionaryEntry>
  <dictionaryEntry>
    <gml:Definition gml:id="id1254">
      <gml:description></gml:description>
      <gml:name codeSpace="urn:d_nrw_sig3d">1800</gml:name>
      <gml:name>rail transport</gml:name>
    </gml:Definition>
  </dictionaryEntry>
  <dictionaryEntry>
    <gml:Definition gml:id="id1255">
      <gml:description></gml:description>
      <gml:name codeSpace="urn:d_nrw_sig3d">1805</gml:name>
      <gml:name>rail</gml:name>
    </gml:Definition>
  </dictionaryEntry>
  <dictionaryEntry>
    <gml:Definition gml:id="id1256">
      <gml:description></gml:description>
      <gml:name codeSpace="urn:d_nrw_sig3d">1810</gml:name>
      <gml:name>urban/city train</gml:name>
    </gml:Definition>
  </dictionaryEntry>
  <dictionaryEntry>
    <gml:Definition gml:id="id1257">
      <gml:description></gml:description>
      <gml:name codeSpace="urn:d_nrw_sig3d">1815</gml:name>
      <gml:name>city railway</gml:name>
    </gml:Definition>
  </dictionaryEntry>
  <dictionaryEntry>
    <gml:Definition gml:id="id1258">
      <gml:description></gml:description>
      <gml:name codeSpace="urn:d_nrw_sig3d">1820</gml:name>
      <gml:name>tram</gml:name>
    </gml:Definition>
  </dictionaryEntry>
  <dictionaryEntry>
    <gml:Definition gml:id="id1259">
      <gml:description></gml:description>
      <gml:name codeSpace="urn:d_nrw_sig3d">1825</gml:name>
      <gml:name>subway</gml:name>
    </gml:Definition>
  </dictionaryEntry>
  <dictionaryEntry>
    <gml:Definition gml:id="id1260">
      <gml:description></gml:description>
      <gml:name codeSpace="urn:d_nrw_sig3d">1830</gml:name>
      <gml:name>funicular/mountain railway</gml:name>
    </gml:Definition>
  </dictionaryEntry>
  <dictionaryEntry>
    <gml:Definition gml:id="id1261">
      <gml:description></gml:description>
      <gml:name codeSpace="urn:d_nrw_sig3d">1835</gml:name>
      <gml:name>mountain railway</gml:name>
    </gml:Definition>
  </dictionaryEntry>
  <dictionaryEntry>
    <gml:Definition gml:id="id1262">
      <gml:description></gml:description>
      <gml:name codeSpace="urn:d_nrw_sig3d">1840</gml:name>
      <gml:name>chairlift</gml:name>
    </gml:Definition>
  </dictionaryEntry>
  <dictionaryEntry>
    <gml:Definition gml:id="id1263">
      <gml:description></gml:description>
      <gml:name codeSpace="urn:d_nrw_sig3d">1845</gml:name>
      <gml:name>ski-lift/ski tow lift</gml:name>
    </gml:Definition>
  </dictionaryEntry>
  <dictionaryEntry>
    <gml:Definition gml:id="id1264">
      <gml:description></gml:description>
      <gml:name codeSpace="urn:d_nrw_sig3d">1850</gml:name>
      <gml:name>suspension railway</gml:name>
    </gml:Definition>
  </dictionaryEntry>
  <dictionaryEntry>
    <gml:Definition gml:id="id1265">
      <gml:description></gml:description>
      <gml:name codeSpace="urn:d_nrw_sig3d">1855</gml:name>
      <gml:name>railway track</gml:name>
    </gml:Definition>
  </dictionaryEntry>
  <dictionaryEntry>
    <gml:Definition gml:id="id1266">
      <gml:description></gml:description>
      <gml:name codeSpace="urn:d_nrw_sig3d">1860</gml:name>
      <gml:name>magnetic levitation train</gml:name>
    </gml:Definition>
  </dictionaryEntry>
  <dictionaryEntry>
    <gml:Definition gml:id="id1267">
      <gml:description></gml:description>
      <gml:name codeSpace="urn:d_nrw_sig3d">1900</gml:name>
      <gml:name>railway station</gml:name>
    </gml:Definition>
  </dictionaryEntry>
  <dictionaryEntry>
    <gml:Definition gml:id="id1268">
      <gml:description></gml:description>
      <gml:name codeSpace="urn:d_nrw_sig3d">1910</gml:name>
      <gml:name>stop</gml:name>
    </gml:Definition>
  </dictionaryEntry>
  <dictionaryEntry>
    <gml:Definition gml:id="id1269">
      <gml:description></gml:description>
      <gml:name codeSpace="urn:d_nrw_sig3d">1920</gml:name>
      <gml:name>station</gml:name>
    </gml:Definition>
  </dictionaryEntry>
  <dictionaryEntry>
    <gml:Definition gml:id="id1270">
      <gml:description></gml:description>
      <gml:name codeSpace="urn:d_nrw_sig3d">2000</gml:name>
      <gml:name>power-wheel</gml:name>
    </gml:Definition>
  </dictionaryEntry>
  <dictionaryEntry>
    <gml:Definition gml:id="id1271">
      <gml:description></gml:description>
      <gml:name codeSpace="urn:d_nrw_sig3d">2100</gml:name>
      <gml:name>airport</gml:name>
    </gml:Definition>
  </dictionaryEntry>
  <dictionaryEntry>
    <gml:Definition gml:id="id1272">
      <gml:description></gml:description>
      <gml:name codeSpace="urn:d_nrw_sig3d">2110</gml:name>
      <gml:name>international airport</gml:name>
    </gml:Definition>
  </dictionaryEntry>
  <dictionaryEntry>
    <gml:Definition gml:id="id1273">
      <gml:description></gml:description>
      <gml:name codeSpace="urn:d_nrw_sig3d">2120</gml:name>
      <gml:name>regional airport</gml:name>
    </gml:Definition>
  </dictionaryEntry>
  <dictionaryEntry>
    <gml:Definition gml:id="id1274">
      <gml:description></gml:description>
      <gml:name codeSpace="urn:d_nrw_sig3d">2130</gml:name>
      <gml:name>landing place</gml:name>
    </gml:Definition>
  </dictionaryEntry>
  <dictionaryEntry>
    <gml:Definition gml:id="id1275">
      <gml:description></gml:description>
      <gml:name codeSpace="urn:d_nrw_sig3d">2140</gml:name>
      <gml:name>heliport</gml:name>
    </gml:Definition>
  </dictionaryEntry>
  <dictionaryEntry>
    <gml:Definition gml:id="id1276">
      <gml:description></gml:description>
      <gml:name codeSpace="urn:d_nrw_sig3d">2150</gml:name>
      <gml:name>landing place</gml:name>
    </gml:Definition>
  </dictionaryEntry>
  <dictionaryEntry>
    <gml:Definition gml:id="id1277">
      <gml:description></gml:description>
      <gml:name codeSpace="urn:d_nrw_sig3d">2160</gml:name>
      <gml:name>gliding airfield</gml:name>
    </gml:Definition>
  </dictionaryEntry>
  <dictionaryEntry>
    <gml:Definition gml:id="id1278">
      <gml:description></gml:description>
      <gml:name codeSpace="urn:d_nrw_sig3d">2170</gml:name>
      <gml:name>taxiway</gml:name>
    </gml:Definition>
  </dictionaryEntry>
  <dictionaryEntry>
    <gml:Definition gml:id="id1279">
      <gml:description></gml:description>
      <gml:name codeSpace="urn:d_nrw_sig3d">2180</gml:name>
      <gml:name>apron</gml:name>
    </gml:Definition>
  </dictionaryEntry>
  <dictionaryEntry>
    <gml:Definition gml:id="id1280">
      <gml:description></gml:description>
      <gml:name codeSpace="urn:d_nrw_sig3d">2190</gml:name>
      <gml:name>runway</gml:name>
    </gml:Definition>
  </dictionaryEntry>
  <dictionaryEntry>
    <gml:Definition gml:id="id1281">
      <gml:description></gml:description>
      <gml:name codeSpace="urn:d_nrw_sig3d">2200</gml:name>
      <gml:name>canal</gml:name>
    </gml:Definition>
  </dictionaryEntry>
  <dictionaryEntry>
    <gml:Definition gml:id="id1282">
      <gml:description></gml:description>
      <gml:name codeSpace="urn:d_nrw_sig3d">2300</gml:name>
      <gml:name>harbor</gml:name>
    </gml:Definition>
  </dictionaryEntry>
  <dictionaryEntry>
    <gml:Definition gml:id="id1283">
      <gml:description></gml:description>
      <gml:name codeSpace="urn:d_nrw_sig3d">2310</gml:name>
      <gml:name>pleasure craft harbour</gml:name>
    </gml:Definition>
  </dictionaryEntry>
  <dictionaryEntry>
    <gml:Definition gml:id="id1284">
      <gml:description></gml:description>
      <gml:name codeSpace="urn:d_nrw_sig3d">2400</gml:name>
      <gml:name>ferry</gml:name>
    </gml:Definition>
  </dictionaryEntry>
  <dictionaryEntry>
    <gml:Definition gml:id="id1285">
      <gml:description></gml:description>
      <gml:name codeSpace="urn:d_nrw_sig3d">2410</gml:name>
      <gml:name>car ferry</gml:name>
    </gml:Definition>
  </dictionaryEntry>
  <dictionaryEntry>
    <gml:Definition gml:id="id1286">
      <gml:description></gml:description>
      <gml:name codeSpace="urn:d_nrw_sig3d">2420</gml:name>
      <gml:name>train ferry</gml:name>
    </gml:Definition>
  </dictionaryEntry>
  <dictionaryEntry>
    <gml:Definition gml:id="id1287">
      <gml:description></gml:description>
      <gml:name codeSpace="urn:d_nrw_sig3d">2430</gml:name>
      <gml:name>ferry</gml:name>
    </gml:Definition>
  </dictionaryEntry>
  <dictionaryEntry>
    <gml:Definition gml:id="id1288">
      <gml:description></gml:description>
      <gml:name codeSpace="urn:d_nrw_sig3d">2500</gml:name>
      <gml:name>landing stage</gml:name>
    </gml:Definition>
  </dictionaryEntry>
  <dictionaryEntry>
    <gml:Definition gml:id="id1289">
      <gml:description></gml:description>
      <gml:name codeSpace="urn:d_nrw_sig3d">2600</gml:name>
      <gml:name>waterway I order</gml:name>
    </gml:Definition>
  </dictionaryEntry>
  <dictionaryEntry>
    <gml:Definition gml:id="id1290">
      <gml:description></gml:description>
      <gml:name codeSpace="urn:d_nrw_sig3d">2610</gml:name>
      <gml:name>navigable river</gml:name>
    </gml:Definition>
  </dictionaryEntry>
  <dictionaryEntry>
    <gml:Definition gml:id="id1291">
      <gml:description></gml:description>
      <gml:name codeSpace="urn:d_nrw_sig3d">2620</gml:name>
      <gml:name>inland navigation waterway 0</gml:name>
    </gml:Definition>
  </dictionaryEntry>
  <dictionaryEntry>
    <gml:Definition gml:id="id1292">
      <gml:description></gml:description>
      <gml:name codeSpace="urn:d_nrw_sig3d">2621</gml:name>
      <gml:name>inland navigation waterway 0</gml:name>
    </gml:Definition>
  </dictionaryEntry>
  <dictionaryEntry>
    <gml:Definition gml:id="id1293">
      <gml:description></gml:description>
      <gml:name codeSpace="urn:d_nrw_sig3d">2622</gml:name>
      <gml:name>inland navigation waterway I</gml:name>
    </gml:Definition>
  </dictionaryEntry>
  <dictionaryEntry>
    <gml:Definition gml:id="id1294">
      <gml:description></gml:description>
      <gml:name codeSpace="urn:d_nrw_sig3d">2623</gml:name>
      <gml:name>inland navigation waterway II</gml:name>
    </gml:Definition>
  </dictionaryEntry>
  <dictionaryEntry>
    <gml:Definition gml:id="id1295">
      <gml:description></gml:description>
      <gml:name codeSpace="urn:d_nrw_sig3d">2624</gml:name>
      <gml:name>inland navigation waterway III</gml:name>
    </gml:Definition>
  </dictionaryEntry>
  <dictionaryEntry>
    <gml:Definition gml:id="id1296">
      <gml:description></gml:description>
      <gml:name codeSpace="urn:d_nrw_sig3d">2625</gml:name>
      <gml:name>inland navigation waterway IV</gml:name>
    </gml:Definition>
  </dictionaryEntry>
  <dictionaryEntry>
    <gml:Definition gml:id="id1297">
      <gml:description></gml:description>
      <gml:name codeSpace="urn:d_nrw_sig3d">2626</gml:name>
      <gml:name>inland navigation waterway V</gml:name>
    </gml:Definition>
  </dictionaryEntry>
  <dictionaryEntry>
    <gml:Definition gml:id="id1298">
      <gml:description></gml:description>
      <gml:name codeSpace="urn:d_nrw_sig3d">2627</gml:name>
      <gml:name>inland navigation waterway VI</gml:name>
    </gml:Definition>
  </dictionaryEntry>
  <dictionaryEntry>
    <gml:Definition gml:id="id1299">
      <gml:description></gml:description>
      <gml:name codeSpace="urn:d_nrw_sig3d">2628</gml:name>
      <gml:name>inland navigation waterway VII</gml:name>
    </gml:Definition>
  </dictionaryEntry>
  <dictionaryEntry>
    <gml:Definition gml:id="id1300">
      <gml:description></gml:description>
      <gml:name codeSpace="urn:d_nrw_sig3d">2630</gml:name>
      <gml:name>maritime navigation</gml:name>
    </gml:Definition>
  </dictionaryEntry>
  <dictionaryEntry>
    <gml:Definition gml:id="id1301">
      <gml:description></gml:description>
      <gml:name codeSpace="urn:d_nrw_sig3d">2640</gml:name>
      <gml:name>navigable lake</gml:name>
    </gml:Definition>
  </dictionaryEntry>
  <dictionaryEntry>
    <gml:Definition gml:id="id1302">
      <gml:description></gml:description>
      <gml:name codeSpace="urn:d_nrw_sig3d">2700</gml:name>
      <gml:name>others</gml:name>
    </gml:Definition>
  </dictionaryEntry>
</gml:Dictionary>
