<?xml version="1.0" encoding="UTF-8"?>
<WFS_Capabilities
   version="2.0.0"
   xmlns="http://www.opengis.net/wfs/2.0"
   xmlns:gml="http://www.opengis.net/gml/3.2"
   xmlns:fes="http://www.opengis.net/fes/2.0"
   xmlns:xlink="http://www.w3.org/1999/xlink"
   xmlns:ows="http://www.opengis.net/ows/1.1"
   xmlns:xsd="http://www.w3.org/2001/XMLSchema"
   xmlns:xsi="http://www.w3.org/2001/XMLSchema-instance"
   xsi:schemaLocation="http://www.opengis.net/wfs/2.0
                       http://schemas.opengis.net/wfs/2.0/wfs.xsd
                       http://www.opengis.net/ows/1.1
                       http://schemas.opengis.net/ows/1.1.0/owsAll.xsd">
   <ows:ServiceIdentification>
      <ows:Title>OGC Member WFS</ows:Title>
      <ows:Abstract>Web Feature Service maintained by NSDI data provider, serving FGDC framework layer XXX; contact Paul.Bunyon@BlueOx.org</ows:Abstract>
      <ows:Keywords>
         <ows:Keyword>FGDC</ows:Keyword>
         <ows:Keyword>NSDI</ows:Keyword>
         <ows:Keyword>Framework Data Layer</ows:Keyword>
         <ows:Keyword>BlueOx</ows:Keyword>
         <ows:Type>String</ows:Type>
      </ows:Keywords>
      <ows:ServiceType>WFS</ows:ServiceType>
      <ows:ServiceTypeVersion>2.0.0</ows:ServiceTypeVersion>
      <ows:ServiceTypeVersion>1.1.0</ows:ServiceTypeVersion>
      <ows:ServiceTypeVersion>1.0.0</ows:ServiceTypeVersion>
      <ows:Fees>NONE</ows:Fees>
      <ows:AccessConstraints>NONE</ows:AccessConstraints>
   </ows:ServiceIdentification>
   <ows:ServiceProvider>
      <ows:ProviderName>BlueOx Inc.</ows:ProviderName>
      <ows:ProviderSite xlink:href="http://www.cubewerx.com"/>
      <ows:ServiceContact>
         <ows:IndividualName>Paul Bunyon</ows:IndividualName>
         <ows:PositionName>Mythology Manager</ows:PositionName>
         <ows:ContactInfo>
            <ows:Phone>
               <ows:Voice>1.800.BIG.WOOD</ows:Voice>
               <ows:Facsimile>1.800.FAX.WOOD</ows:Facsimile>
            </ows:Phone>
            <ows:Address>
               <ows:DeliveryPoint>North Country</ows:DeliveryPoint>
               <ows:City>Small Town</ows:City>
               <ows:AdministrativeArea>Rural County</ows:AdministrativeArea>
               <ows:PostalCode>12345</ows:PostalCode>
               <ows:Country>USA</ows:Country>
               <ows:ElectronicMailAddress>Paul.Bunyon@BlueOx.org</ows:ElectronicMailAddress>
            </ows:Address>
            <ows:OnlineResource xlink:href="http://www.BlueOx.org/contactUs"/>
            <ows:HoursOfService>24x7</ows:HoursOfService>
            <ows:ContactInstructions>eMail Paul with normal requsts; Phone Paul for emergency
               requests; if you get voice mail and your request can't wait,
               contact another mythological figure listed on the contactUs
               page of our web site.</ows:ContactInstructions>
         </ows:ContactInfo>
         <ows:Role>PointOfContact</ows:Role>
      </ows:ServiceContact>
   </ows:ServiceProvider>
   <ows:OperationsMetadata>
      <ows:Operation name="GetCapabilities">
         <ows:DCP>
            <ows:HTTP>
               <ows:Get xlink:href="http://www.BlueOx.org/wfs/wfs.cgi?"/>
               <ows:Post xlink:href="http://www.BlueOx.org/wfs/wfs.cgi"/>
            </ows:HTTP>
         </ows:DCP>
         <ows:Parameter name="AcceptVersions">
            <ows:AllowedValues>
               <ows:Value>2.0.0</ows:Value>
               <ows:Value>1.1.0</ows:Value>
               <ows:Value>1.0.0</ows:Value>
            </ows:AllowedValues>
         </ows:Parameter>
      </ows:Operation>
      <ows:Operation name="DescribeFeatureType">
         <ows:DCP>
            <ows:HTTP>
               <ows:Get xlink:href="http://www.BlueOx.org/wfs/wfs.cgi?"/>
               <ows:Post xlink:href="http://www.BlueOx.org/wfs/wfs.cgi"/>
            </ows:HTTP>
         </ows:DCP>
      </ows:Operation>
      <ows:Operation name="ListStoredQueries">
         <ows:DCP>
            <ows:HTTP>
               <ows:Get xlink:href="http://www.BlueOx.org/wfs/wfs.cgi?"/>
               <ows:Post xlink:href="http://www.BlueOx.org/wfs/wfs.cgi"/>
            </ows:HTTP>
         </ows:DCP>
      </ows:Operation>
      <ows:Operation name="DescribeStoredQueries">
         <ows:DCP>
            <ows:HTTP>
               <ows:Get xlink:href="http://www.BlueOx.org/wfs/wfs.cgi?"/>
               <ows:Post xlink:href="http://www.BlueOx.org/wfs/wfs.cgi"/>
            </ows:HTTP>
         </ows:DCP>
      </ows:Operation>
      <ows:Operation name="GetPropertyValue">
         <ows:DCP>
            <ows:HTTP>
               <ows:Get xlink:href="http://www.BlueOx.org/wfs/wfs.cgi?"/>
               <ows:Post xlink:href="http://www.BlueOx.org/wfs/wfs.cgi"/>
            </ows:HTTP>
         </ows:DCP>
      </ows:Operation>
      <ows:Operation name="GetFeature">
         <ows:DCP>
            <ows:HTTP>
               <ows:Get xlink:href="http://www.BlueOx.org/wfs/wfs.cgi?"/>
               <ows:Post xlink:href="http://www.BlueOx.org/wfs/wfs.cgi"/>
            </ows:HTTP>
         </ows:DCP>
      </ows:Operation>
      <ows:Operation name="GetFeatureWithLock">
         <ows:DCP>
            <ows:HTTP>
               <ows:Get xlink:href="http://www.BlueOx.org/wfs/wfs.cgi?"/>
               <ows:Post xlink:href="http://www.BlueOx.org/wfs/wfs.cgi"/>
            </ows:HTTP>
         </ows:DCP>
      </ows:Operation>
      <ows:Operation name="Transaction">
         <ows:DCP>
            <ows:HTTP>
               <ows:Post xlink:href="http://www.BlueOx.org/wfs/wfs.cgi"/>
            </ows:HTTP>
         </ows:DCP>
         <ows:Constraint name="AutomaticDataLocking">
            <ows:NoValues/>
            <ows:DefaultValue>TRUE</ows:DefaultValue>
         </ows:Constraint>
         <ows:Constraint name="PreservesSiblingOrder">
            <ows:NoValues/>
            <ows:DefaultValue>TRUE</ows:DefaultValue>
         </ows:Constraint>
      </ows:Operation>
      <ows:Operation name="LockFeature">
         <ows:DCP>
            <ows:HTTP>
               <ows:Get xlink:href="http://www.BlueOx.org/wfs/wfs.cgi?"/>
               <ows:Post xlink:href="http://www.BlueOx.org/wfs/wfs.cgi"/>
            </ows:HTTP>
         </ows:DCP>
      </ows:Operation>
      <ows:Operation name="CreateStoredQuery">
         <ows:DCP>
            <ows:HTTP>
               <ows:Get xlink:href="http://www.BlueOx.org/wfs/wfs.cgi?"/>
               <ows:Post xlink:href="http://www.BlueOx.org/wfs/wfs.cgi"/>
            </ows:HTTP>
         </ows:DCP>
      </ows:Operation>
      <ows:Operation name="DropStoredQuery">
         <ows:DCP>
            <ows:HTTP>
               <ows:Get xlink:href="http://www.BlueOx.org/wfs/wfs.cgi?"/>
               <ows:Post xlink:href="http://www.BlueOx.org/wfs/wfs.cgi"/>
            </ows:HTTP>
         </ows:DCP>
      </ows:Operation>
      <ows:Parameter name="version">
         <ows:AllowedValues>
            <ows:Value>2.0.0</ows:Value>
            <ows:Value>1.1.0</ows:Value>
            <ows:Value>1.0.0</ows:Value>
         </ows:AllowedValues>
      </ows:Parameter>
      <!-- ***************************************************** -->
      <!-- *   CONFORMANCE DECLARATION                         * -->
      <!-- ***************************************************** -->
      <ows:Constraint name="ImplementsBasicWFS">
         <ows:NoValues/>
         <ows:DefaultValue>TRUE</ows:DefaultValue>
      </ows:Constraint>
      <ows:Constraint name="ImplementsTransactionalWFS">
         <ows:NoValues/>
         <ows:DefaultValue>TRUE</ows:DefaultValue>
      </ows:Constraint>
      <ows:Constraint name="ImplementsLockingWFS">
         <ows:NoValues/>
         <ows:DefaultValue>TRUE</ows:DefaultValue>
      </ows:Constraint>
      <ows:Constraint name="KVPEncoding">
         <ows:NoValues/>
         <ows:DefaultValue>TRUE</ows:DefaultValue>
      </ows:Constraint>
      <ows:Constraint name="XMLEncoding">
         <ows:NoValues/>
         <ows:DefaultValue>TRUE</ows:DefaultValue>
      </ows:Constraint>
      <ows:Constraint name="SOAPEncoding">
         <ows:NoValues/>
         <ows:DefaultValue>TRUE</ows:DefaultValue>
      </ows:Constraint>
      <ows:Constraint name="ImplementsInheritance">
         <ows:NoValues/>
         <ows:DefaultValue>TRUE</ows:DefaultValue>
      </ows:Constraint>
      <ows:Constraint name="ImplementsRemoteResolve">
         <ows:NoValues/>
         <ows:DefaultValue>TRUE</ows:DefaultValue>
      </ows:Constraint>
      <ows:Constraint name="ImplementsResultPaging">
         <ows:NoValues/>
         <ows:DefaultValue>TRUE</ows:DefaultValue>
      </ows:Constraint>
      <ows:Constraint name="ImplementsStandardJoins">
         <ows:NoValues/>
         <ows:DefaultValue>TRUE</ows:DefaultValue>
      </ows:Constraint>
      <ows:Constraint name="ImplementsSpatialJoins">
         <ows:NoValues/>
         <ows:DefaultValue>TRUE</ows:DefaultValue>
      </ows:Constraint>
      <ows:Constraint name="ImplementsTemporalJoins">
         <ows:NoValues/>
         <ows:DefaultValue>TRUE</ows:DefaultValue>
      </ows:Constraint>
      <ows:Constraint name="ImplementsFeatureVersioning">
         <ows:NoValues/>
         <ows:DefaultValue>TRUE</ows:DefaultValue>
      </ows:Constraint>
      <ows:Constraint name="ManageStoredQueries">
         <ows:NoValues/>
         <ows:DefaultValue>TRUE</ows:DefaultValue>
      </ows:Constraint>
      <!-- ***************************************************** -->
      <!-- *   CAPACITY CONSTRAINTS                            * -->
      <!-- ***************************************************** -->
      <ows:Constraint name="PagingIsTransactionSafe">
         <ows:NoValues/>
         <ows:DefaultValue>FALSE</ows:DefaultValue>
      </ows:Constraint>
      <ows:Constraint name="CountDefault">
         <ows:NoValues/>
         <ows:DefaultValue>1000</ows:DefaultValue>
      </ows:Constraint>
      <ows:Constraint name="ResolveTimeoutDefault">
         <ows:NoValues/>
         <ows:DefaultValue>300</ows:DefaultValue>
      </ows:Constraint>
      <ows:Constraint name="SortLevelLimit">
         <ows:NoValues/>
         <ows:DefaultValue>1</ows:DefaultValue>
      </ows:Constraint>
      <ows:Constraint name="ResolveLocalScope">
         <ows:NoValues/>
         <ows:DefaultValue>*</ows:DefaultValue>
      </ows:Constraint>
      <ows:Constraint name="ResolveRemoteScope">
         <ows:NoValues/>
         <ows:DefaultValue>5</ows:DefaultValue>
      </ows:Constraint>
      <ows:Constraint name="ResponseCacheTimeout">
         <ows:NoValues/>
         <ows:DefaultValue>300</ows:DefaultValue>
      </ows:Constraint>
      <ows:Constraint name="QueryExpressions">
         <ows:AllowedValues>
            <ows:Value>wfs:Query</ows:Value>
            <ows:Value>wfs:StoredQuery</ows:Value>
         </ows:AllowedValues>
      </ows:Constraint>
      <!-- ***************************************************** -->
   </ows:OperationsMetadata>
   <FeatureTypeList>
      <FeatureType xmlns:bo="http://www.BlueOx.org/BlueOx">
         <Name>bo:Woods</Name>
         <Title>The Great Northern Forest</Title>
         <Abstract>Describes the arborial diversity of the Great
               Northern Forest.</Abstract>
         <ows:Keywords>
            <ows:Keyword>forest</ows:Keyword>
            <ows:Keyword>north</ows:Keyword>
            <ows:Keyword>woods</ows:Keyword>
            <ows:Keyword>arborial</ows:Keyword>
            <ows:Keyword>diversity</ows:Keyword>
         </ows:Keywords>
         <DefaultCRS>urn:ogc:def:crs:EPSG::6269</DefaultCRS>
         <OtherCRS>urn:ogc:def:crs:EPSG::32615</OtherCRS>
         <OtherCRS>urn:ogc:def:crs:EPSG::32616</OtherCRS>
         <OtherCRS>urn:ogc:def:crs:EPSG::32617</OtherCRS>
         <OtherCRS>urn:ogc:def:crs:EPSG::32618</OtherCRS>
         <ows:WGS84BoundingBox>
            <ows:LowerCorner>-180 -90</ows:LowerCorner>
            <ows:UpperCorner>180 90</ows:UpperCorner>
         </ows:WGS84BoundingBox>
         <MetadataURL
            xlink:href="http://www.ogccatservice.com/csw.cgi?service=CSW&amp;version=2.0.0&amp;request=GetRecords&amp;constraintlanguage=CQL&amp;recordid=urn:uuid:4ee8b2d3-9409-4a1d-b26b-6782e4fa3d59"/>
         <ExtendedDescription>
            <Element name="TemporalExtent" type="xsd:date">
               <ows:Metadata
                  xlink:href="http://www.someserver.com/AboutTemporalExtent.html"/>
               <ValueList>
                  <Value>2000-01-01</Value>
                  <Value>2006-01-31</Value>
               </ValueList>
            </Element>
            <Element name="Classifications" type="xsd:anyURI">
               <ows:Metadata
                  xlink:href="http://www.someserver.com/AboutClassifications.html"/>
               <ValueList>
                  <Value>urn:x-ogc:specification:csw-ebrim:ClassificationScheme:ISO-19115:biota</Value>
               </ValueList>
            </Element>
            <Element name="ArborialDiversityIndex" type="xsd:integer">
               <ows:Metadata
                  xlink:href="http://www.someserver.com/ArborialDiversity.html"/>
               <ValueList>
                  <Value>14</Value>
               </ValueList>
            </Element>
         </ExtendedDescription>
      </FeatureType>
      <FeatureType xmlns:bo="http://www.BlueOx.org/BlueOx">
         <Name>bo:Lakes</Name>
         <Title>The Great Northern Lakes</Title>
         <Abstract>Lake boundaries for all lakes in the 
               Great Northern Forest.</Abstract>
         <ows:Keywords>
            <ows:Keyword>lakes</ows:Keyword>
            <ows:Keyword>boundaries</ows:Keyword>
            <ows:Keyword>water</ows:Keyword>
            <ows:Keyword>hydro</ows:Keyword>
         </ows:Keywords>
         <DefaultCRS>urn:ogc:def:crs:EPSG::6269</DefaultCRS>
         <OtherCRS>urn:ogc:def:crs:EPSG::32615</OtherCRS>
         <OtherCRS>urn:ogc:def:crs:EPSG::32616</OtherCRS>
         <OtherCRS>urn:ogc:def:crs:EPSG::32617</OtherCRS>
         <OtherCRS>urn:ogc:def:crs:EPSG::32618</OtherCRS>
         <ows:WGS84BoundingBox>
            <ows:LowerCorner>-180 -90</ows:LowerCorner>
            <ows:UpperCorner>180 90</ows:UpperCorner>
         </ows:WGS84BoundingBox>
         <MetadataURL
            xlink:href="http://www.ogccatservice.com/csw.cgi?service=CSW&amp;version=2.0.0&amp;request=GetRecords&amp;constraintlanguage=CQL&amp;recordid=urn:uuid:57973502-29cb-4114-8d64-9939627a0414"/>
         <ExtendedDescription>
            <Element name="TemporalExtent" type="xsd:date">
               <ows:Metadata
                  xlink:href="http://www.someserver.com/AboutTemporalExtent.html"/>
               <ValueList>
                  <Value>2000-01-01</Value>
                  <Value>2006-01-31</Value>
               </ValueList>
            </Element>
         </ExtendedDescription>
      </FeatureType>
   </FeatureTypeList>
   <fes:Filter_Capabilities> 
      <fes:Conformance>
         <fes:Constraint name="ImplementsQuery">
            <ows:NoValues/>
            <ows:DefaultValue>TRUE</ows:DefaultValue>
         </fes:Constraint>
         <fes:Constraint name="ImplementsAdHocQuery">
            <ows:NoValues/>
            <ows:DefaultValue>TRUE</ows:DefaultValue>
         </fes:Constraint>
         <fes:Constraint name="ImplementsFunctions">
            <ows:NoValues/>
            <ows:DefaultValue>TRUE</ows:DefaultValue>
         </fes:Constraint>
         <fes:Constraint name="ImplementsMinStandardFilter">
            <ows:NoValues/>
            <ows:DefaultValue>TRUE</ows:DefaultValue>
         </fes:Constraint>
         <fes:Constraint name="ImplementsStandardFilter">
            <ows:NoValues/>
            <ows:DefaultValue>TRUE</ows:DefaultValue>
         </fes:Constraint>
         <fes:Constraint name="ImplementsMinSpatialFilter">
            <ows:NoValues/>
            <ows:DefaultValue>TRUE</ows:DefaultValue>
         </fes:Constraint>
         <fes:Constraint name="ImplementsSpatialFilter">
            <ows:NoValues/>
            <ows:DefaultValue>TRUE</ows:DefaultValue>
         </fes:Constraint>
         <fes:Constraint name="ImplementsMinTemporalFilter">
            <ows:NoValues/>
            <ows:DefaultValue>TRUE</ows:DefaultValue>
         </fes:Constraint>
         <fes:Constraint name="ImplementsTemporalFilter">
            <ows:NoValues/>
            <ows:DefaultValue>TRUE</ows:DefaultValue>
         </fes:Constraint>
         <fes:Constraint name="ImplementsVersionNav">
            <ows:NoValues/>
            <ows:DefaultValue>FALSE</ows:DefaultValue>
         </fes:Constraint>
         <fes:Constraint name="ImplementsSorting">
            <ows:NoValues/>
            <ows:DefaultValue>FALSE</ows:DefaultValue>
         </fes:Constraint>
         <fes:Constraint name="ImplementsExtendedOperators">
            <ows:NoValues/>
            <ows:DefaultValue>FALSE</ows:DefaultValue>
         </fes:Constraint>
      </fes:Conformance>
      <fes:Id_Capabilities>
         <fes:ResourceIdentifier name="fes:ResourceId"/>
      </fes:Id_Capabilities>
      <fes:Scalar_Capabilities>
         <fes:LogicalOperators/>
         <fes:ComparisonOperators>
            <fes:ComparisonOperator name="PropertyIsLessThan"/>
            <fes:ComparisonOperator name="PropertyIsGreaterThan"/>
            <fes:ComparisonOperator name="PropertyIsLessThanOrEqualTo"/>
            <fes:ComparisonOperator name="PropertyIsGreaterThanOrEqualTo"/>
            <fes:ComparisonOperator name="PropertyIsEqualTo"/>
            <fes:ComparisonOperator name="PropertyIsNotEqualTo"/>
            <fes:ComparisonOperator name="PropertyIsLike"/>
            <fes:ComparisonOperator name="PropertyIsBetween"/>
            <fes:ComparisonOperator name="PropertyIsNull"/>
            <fes:ComparisonOperator name="PropertyIsNil"/>
         </fes:ComparisonOperators>
      </fes:Scalar_Capabilities>
      <fes:Spatial_Capabilities>
         <fes:GeometryOperands>
            <fes:GeometryOperand name="gml:Point"/>
            <fes:GeometryOperand name="gml:MultiPoint"/>
            <fes:GeometryOperand name="gml:LineString"/>
            <fes:GeometryOperand name="gml:MultiLineString"/>
            <fes:GeometryOperand name="gml:Curve"/>
            <fes:GeometryOperand name="gml:MultiCurve"/>
            <fes:GeometryOperand name="gml:Polygon"/>
            <fes:GeometryOperand name="gml:MultiPolygon"/>
            <fes:GeometryOperand name="gml:Surface"/>
            <fes:GeometryOperand name="gml:MultiSurface"/>
            <fes:GeometryOperand name="gml:MultiGeometry"/>
            <fes:GeometryOperand name="gml:Box"/>
            <fes:GeometryOperand name="gml:Envelope"/>
         </fes:GeometryOperands>
         <fes:SpatialOperators>
            <fes:SpatialOperator name="BBOX"/>
            <fes:SpatialOperator name="Equals"/>
            <fes:SpatialOperator name="Disjoint"/>
            <fes:SpatialOperator name="Intersects"/>
            <fes:SpatialOperator name="Touches"/>
            <fes:SpatialOperator name="Crosses"/>
            <fes:SpatialOperator name="Within"/>
            <fes:SpatialOperator name="Contains"/>
            <fes:SpatialOperator name="Overlaps"/>
            <fes:SpatialOperator name="Beyond"/>
            <fes:SpatialOperator name="DWithin"/>
         </fes:SpatialOperators>
      </fes:Spatial_Capabilities>
      <fes:Temporal_Capabilities>
         <fes:TemporalOperands>
            <fes:TemporalOperand name="gml:validTime"/>
            <fes:TemporalOperand name="gml:TimeInstant"/>
            <fes:TemporalOperand name="gml:TimePeriod"/>
            <fes:TemporalOperand name="gml:timePosition"/>
            <fes:TemporalOperand name="gml:timeInterval"/>
            <fes:TemporalOperand name="gml:duration"/>
         </fes:TemporalOperands>
         <fes:TemporalOperators>
            <fes:TemporalOperator name="After"/>
            <fes:TemporalOperator name="Before"/>
            <fes:TemporalOperator name="Begins"/>
            <fes:TemporalOperator name="BegunBy"/>
            <fes:TemporalOperator name="TContains"/>
            <fes:TemporalOperator name="During"/>
            <fes:TemporalOperator name="TEquals"/>
            <fes:TemporalOperator name="TOverlaps"/>
            <fes:TemporalOperator name="Meets"/>
            <fes:TemporalOperator name="OverlappedBy"/>
            <fes:TemporalOperator name="MetBy"/>
            <fes:TemporalOperator name="EndedBy"/>
         </fes:TemporalOperators>
      </fes:Temporal_Capabilities>
      <fes:Functions>
         <fes:Function name="min">
            <fes:Returns>xsd:double</fes:Returns>
            <fes:Arguments>
               <fes:Argument name="value1">
                  <fes:Type>xsd:double</fes:Type>
               </fes:Argument>
               <fes:Argument name="value2">
                  <fes:Type>xsd:double</fes:Type>
               </fes:Argument>
            </fes:Arguments>
         </fes:Function>
         <fes:Function name="max">
            <fes:Returns>xsd:double</fes:Returns>
            <fes:Arguments>
               <fes:Argument name="value1">
                  <fes:Type>xsd:double</fes:Type>
               </fes:Argument>
               <fes:Argument name="value2">
                  <fes:Type>xsd:double</fes:Type>
               </fes:Argument>
            </fes:Arguments>
         </fes:Function>
      </fes:Functions>
   </fes:Filter_Capabilities>
</WFS_Capabilities>
