<?xml version="1.0" ?>
<wfs:Transaction
   version="2.0.0"
   service="WFS"
   xmlns="http://www.someserver.com/myns"
   xmlns:wfs="http://www.opengis.net/wfs/2.0"
   xmlns:gml="http://www.opengis.net/gml/3.2"
   xmlns:fes="http://www.opengis.net/fes/2.0"
   xmlns:xsi="http://www.w3.org/2001/XMLSchema-instance"
   xsi:schemaLocation="http://www.opengis.net/wfs/2.0
                       http://schemas.opengis.net/wfs/2.0/wfs.xsd
                       http://www.opengis.net/gml/3.2
                       http://schemas.opengis.net/gml/3.2.1/gml.xsd">
   <wfs:Delete typeName="InWaterA_1M">
      <fes:Filter>
         <fes:Within>
            <fes:ValueReference>wkbGeom</fes:ValueReference>
            <gml:Polygon srsName="urn:ogc:def:crs:EPSG::4326" gml:id="pp9">
               <gml:exterior>
                  <gml:LinearRing>
                  <gml:posList>-30.15600013732911 115.0352249145508 -30.17819404602051 115.0252532958984 -30.16072273254395 115.021614074707 -30.1563892364502 115.0222473144531 -30.15555572509765 115.0259704589844 -30.1512508392334 115.0282211303711 -30.14588928222656 115.0344696044922 -30.15600013732911 115.0352249145508 </gml:posList>
                  </gml:LinearRing>
               </gml:exterior>
            </gml:Polygon>
         </fes:Within>
      </fes:Filter>
   </wfs:Delete>
</wfs:Transaction>
