<?xml version="1.0" ?>
<wfs:Transaction
   version="2.0.0"
   service="WFS"
   xmlns:fes="http://www.opengis.net/fes/2.0"
   xmlns:wfs="http://www.opengis.net/wfs/2.0"
   xmlns:myns="http://www.someserver.com/myns"
   xmlns:xsi="http://www.w3.org/2001/XMLSchema-instance"
   xsi:schemaLocation="http://www.opengis.net/wfs/2.0
                       http://schemas.opengis.net/wfs/2.0/wfs.xsd">
   <wfs:Update typeName="myns:OceansA_1M">
      <wfs:Property>
         <wfs:ValueReference>myns:depth</wfs:ValueReference>
         <wfs:Value>2400</wfs:Value>
      </wfs:Property>
      <fes:Filter>
         <fes:PropertyIsGreaterThan>
            <fes:ValueReference>OceansA_1M/depth</fes:ValueReference>
            <fes:Literal>2400</fes:Literal>
         </fes:PropertyIsGreaterThan>
      </fes:Filter>
   </wfs:Update>
   <wfs:Update typeName="myns:TreesA_1M">
      <wfs:Property>
         <wfs:ValueReference>myns:treeType</wfs:ValueReference>
         <wfs:Value>CONIFEROUS</wfs:Value>
      </wfs:Property>
      <fes:Filter>
         <fes:ResourceId rid="TreesA_1M.1010"/>
      </fes:Filter>
   </wfs:Update>
</wfs:Transaction>
