<?xml version="1.0" encoding="UTF-8"?>
<!--=====================================================================
Example Response for GetResult operation request which contains filters for offering and observedProperty. The response contain

In this example, the sequence of operations for retrieving results is as follows:
1. GetResultTemplate1.xml request is sent to SOS.
2. GetResultTemplate1_response.xml is returned from SOS.
3. GetResult1.xml is sent to SOS
4. GetResult1_response is returned from SOS
=======================================================================-->
<soap12:Envelope xmlns:soap12="http://www.w3.org/2003/05/soap-envelope" xsi:schemaLocation="http://www.w3.org/2003/05/soap-envelope http://www.w3.org/2003/05/soap-envelope/soap-envelope.xsd
 http://www.opengis.net/sos/2.0
http://schemas.opengis.net/sos/2.0/sos.xsd" xmlns:xsi="http://www.w3.org/2001/XMLSchema-instance" xmlns:wsa="http://www.w3.org/2005/08/addressing" xmlns:swe="http://www.opengis.net/swe/2.0" xmlns:swes="http://www.opengis.net/swes/2.0" xmlns:ows="http://www.opengis.net/ows/1.1" xmlns:sos="http://www.opengis.net/sos/2.0" xmlns:fes="http://www.opengis.net/fes/2.0" xmlns:gml="http://www.opengis.net/gml/3.2" xmlns:ogc="http://www.opengis.net/ogc" xmlns:om="http://www.opengis.net/om/2.0" xmlns:xlink="http://www.w3.org/1999/xlink">
	<soap12:Header>
		<wsa:To>http://www.w3.org/2005/08/addressing/anonymous</wsa:To>
		<wsa:Action>http://www.opengis.net/def/serviceOperation/sos/resultRetrieval/2.0/GetResultResponse</wsa:Action>
		<wsa:RelatesTo>http://my.client.com/uid/msg-0010</wsa:RelatesTo>
	</soap12:Header>
	<soap12:Body>
		<sos:GetResultResponse>
	<!-- The result values returned by SOS for a GetResult request; the structure of the element value is defined in the GetResultTemplateResponse. Note that the values are encoded based upon an implicit DataArray with variable size. Thus, the number of encoded results - i.e. the size of the array - is encoded right at the start of the encoded string. See [OGC 08-094] for further details. -->
	<sos:resultValues>3@@2008-03-01T17:44:15.000+00:00,32.0@@2008-03-01T17:45:15.000+00:00,32.1@@2008-03-01T17:46:15.000+00:00,32.2</sos:resultValues>
	
</sos:GetResultResponse>
	</soap12:Body>
</soap12:Envelope>