<?xml version="1.0" encoding="UTF-8"?>
<!--=====================================================================
Example Request for GetResult operation which contains filters for offering and observedProperty. The response contains a template containing the observation metadata as well as information about the type and structure of the result elements which will be returned in later GetResult responses.


In this example, the sequence of operations for retrieving results is as follows:
1. GetResultTemplate1.xml request is sent to SOS.
2. GetResultTemplate1_response.xml is returned from SOS.
3. GetResult1.xml is sent to SOS
4. GetResult1_response is returned from SOS
=======================================================================-->
<soap12:Envelope xmlns:soap12="http://www.w3.org/2003/05/soap-envelope" xsi:schemaLocation="http://www.w3.org/2003/05/soap-envelope http://www.w3.org/2003/05/soap-envelope/soap-envelope.xsd
http://www.opengis.net/sos/2.0 http://schemas.opengis.net/sos/2.0/sos.xsd" xmlns:sos="http://www.opengis.net/sos/2.0" xmlns:wsa="http://www.w3.org/2005/08/addressing" xmlns:xsi="http://www.w3.org/2001/XMLSchema-instance" xmlns:swe="http://www.opengis.net/swe/2.0" xmlns:swes="http://www.opengis.net/swes/2.0" xmlns:fes="http://www.opengis.net/fes/2.0" xmlns:gml="http://www.opengis.net/gml/3.2" xmlns:ogc="http://www.opengis.net/ogc" xmlns:om="http://www.opengis.net/om/1.0">
	<soap12:Header>
		<wsa:To>http://www.ogc.org/SOS</wsa:To>
		<wsa:Action>http://www.opengis.net/def/serviceOperation/sos/resultRetrieval/2.0/GetResultTemplate</wsa:Action>
		<wsa:ReplyTo>
			<wsa:Address>http://www.w3.org/2005/08/addressing/anonymous</wsa:Address>
		</wsa:ReplyTo>
		<wsa:MessageID>http://my.client.com/uid/msg-0010</wsa:MessageID>
	</soap12:Header>
	<soap12:Body>
		<sos:GetResultTemplate service="SOS" version="2.0.0">
	
<!--identifier of the observation offering-->
<sos:offering>http://www.my_namespace.org/water_gage_1_observations</sos:offering>

<!--identifier of an observed property-->
<sos:observedProperty>http://sweet.jpl.nasa.gov/2.0/hydroSurface.owl#WaterHeight</sos:observedProperty>	

</sos:GetResultTemplate>
	</soap12:Body>
</soap12:Envelope>