<?xml version="1.0" encoding="UTF-8"?>
<!--=====================================================================
Example Response for InsertResult operation. The response is empty, if the insertion has been successfull. Otherwise an exception response is returned.

In this example, the sequence of operations for inserting results is as follows:
1. InsertResultTemplate1.xml request is sent to SOS.
2. InsertResultTemplate1_response.xml is returned from SOS.
3. InsertResult1.xml is sent to SOS
4. InsertResult1_response is returned from SOS
=======================================================================-->

<soap12:Envelope xmlns:soap12="http://www.w3.org/2003/05/soap-envelope" xsi:schemaLocation="http://www.w3.org/2003/05/soap-envelope http://www.w3.org/2003/05/soap-envelope/soap-envelope.xsd
 http://www.opengis.net/sos/2.0
http://schemas.opengis.net/sos/2.0/sos.xsd" xmlns:xsi="http://www.w3.org/2001/XMLSchema-instance" xmlns:wsa="http://www.w3.org/2005/08/addressing" xmlns:swe="http://www.opengis.net/swe/2.0" xmlns:swes="http://www.opengis.net/swes/2.0" xmlns:ows="http://www.opengis.net/ows/1.1" xmlns:sos="http://www.opengis.net/sos/2.0" xmlns:fes="http://www.opengis.net/fes/2.0" xmlns:gml="http://www.opengis.net/gml/3.2" xmlns:ogc="http://www.opengis.net/ogc" xmlns:om="http://www.opengis.net/om/2.0" xmlns:xlink="http://www.w3.org/1999/xlink">
	<soap12:Header>
		<wsa:To>http://www.w3.org/2005/08/addressing/anonymous</wsa:To>
		<wsa:Action>http://www.opengis.net/def/serviceOperation/sos/resultInsertion/2.0/InsertResultResponse</wsa:Action>
		<wsa:RelatesTo>http://my.client.com/uid/msg-0010</wsa:RelatesTo>
	</soap12:Header>
	<soap12:Body>
		<sos:InsertResultResponse>

<!--response is empty; if the insertion was not successfull, an exception response will be returned-->

</sos:InsertResultResponse>
	</soap12:Body>
</soap12:Envelope>